,a_team,Data,Stadio,Risultato,a_goals,h_team,h_goals,a_total_shots,a_shots_on_target,a_goals_on_penalty,a_total_penalties,a_completed_passings,a_total_passings,a_corners,a_percentage_possession,a_fouls,a_yellow_cards,a_red_cards
0,Atalanta,21-08-2021,Ospiti,V,2,Torino,1,7.0,2.0,0,0,328.0,462.0,1.0,53.0,14.0,2,0
3,Atalanta,18-09-2021,Ospiti,V,1,Salernitana,0,10.0,3.0,0,0,473.0,567.0,4.0,57.0,15.0,4,0
5,Atalanta,25-09-2021,Ospiti,N,2,Inter,2,21.0,5.0,0,0,351.0,429.0,11.0,50.0,12.0,5,0
7,Atalanta,17-10-2021,Ospiti,V,4,Empoli,1,21.0,7.0,0,1,401.0,490.0,4.0,52.0,17.0,2,0
9,Atalanta,27-10-2021,Ospiti,V,3,Sampdoria,1,13.0,4.0,0,0,499.0,611.0,3.0,60.0,19.0,3,0
11,Atalanta,06-11-2021,Ospiti,V,2,Cagliari,1,20.0,8.0,0,0,539.0,641.0,7.0,62.0,10.0,1,0
13,Atalanta,27-11-2021,Ospiti,V,1,Juventus,0,7.0,1.0,0,0,307.0,405.0,4.0,41.0,23.0,5,0
15,Atalanta,04-12-2021,Ospiti,V,3,Napoli,2,21.0,7.0,0,0,391.0,466.0,7.0,45.0,21.0,3,0
16,Atalanta,12-12-2021,Ospiti,V,2,Hellas Verona,1,14.0,6.0,0,0,305.0,453.0,6.0,47.0,11.0,1,0
18,Atalanta,21-12-2021,Ospiti,N,0,Genoa,0,17.0,3.0,0,0,542.0,711.0,8.0,67.0,16.0,1,0
19,Atalanta,09-01-2022,Ospiti,V,6,Udinese,2,21.0,7.0,0,0,568.0,671.0,5.0,60.0,12.0,2,0
21,Atalanta,22-01-2022,Ospiti,N,0,Lazio,0,6.0,2.0,0,0,384.0,468.0,1.0,39.0,17.0,3,0
24,Atalanta,20-02-2022,Ospiti,P,0,Fiorentina,1,7.0,1.0,0,0,382.0,471.0,1.0,51.0,23.0,5,0
26,Atalanta,05-03-2022,Ospiti,P,0,Roma,1,7.0,4.0,0,0,543.0,628.0,3.0,64.0,17.0,4,1
28,Atalanta,20-03-2022,Ospiti,V,1,Bologna,0,15.0,2.0,0,0,279.0,400.0,3.0,40.0,12.0,1,0
30,Atalanta,10-04-2022,Ospiti,P,1,Sassuolo,2,15.0,4.0,0,0,421.0,509.0,8.0,49.0,15.0,1,0
32,Atalanta,23-04-2022,Ospiti,V,3,Venezia,1,19.0,4.0,0,0,555.0,670.0,7.0,61.0,14.0,3,0
35,Atalanta,08-05-2022,Ospiti,V,3,Spezia,1,17.0,6.0,0,0,521.0,614.0,3.0,66.0,14.0,3,0
36,Atalanta,15-05-2022,Ospiti,P,0,Milan,2,12.0,2.0,0,0,407.0,490.0,6.0,55.0,16.0,4,0
1,Bologna,28-08-2021,Ospiti,N,0,Atalanta,0,4.0,1.0,0,0,297.0,421.0,5.0,41.0,16.0,5,0
3,Bologna,18-09-2021,Ospiti,P,1,Inter,6,8.0,2.0,0,0,486.0,546.0,1.0,54.0,11.0,3,0
5,Bologna,26-09-2021,Ospiti,P,2,Empoli,4,20.0,5.0,0,1,420.0,500.0,10.0,63.0,22.0,2,0
7,Bologna,17-10-2021,Ospiti,N,1,Udinese,1,24.0,11.0,0,0,460.0,526.0,8.0,59.0,11.0,7,0
9,Bologna,28-10-2021,Ospiti,P,0,Napoli,3,8.0,1.0,0,0,324.0,392.0,2.0,35.0,6.0,1,0
11,Bologna,07-11-2021,Ospiti,V,2,Sampdoria,1,14.0,6.0,0,0,410.0,516.0,5.0,53.0,14.0,1,0
13,Bologna,28-11-2021,Ospiti,V,1,Spezia,0,16.0,4.0,1,1,463.0,561.0,6.0,57.0,12.0,1,0
16,Bologna,12-12-2021,Ospiti,P,1,Torino,2,7.0,4.0,1,1,361.0,465.0,0.0,51.0,19.0,4,0
18,Bologna,22-12-2021,Ospiti,V,3,Sassuolo,0,9.0,5.0,0,0,299.0,390.0,5.0,41.0,14.0,3,0
19,Bologna,11-01-2022,Ospiti,P,1,Cagliari,2,10.0,3.0,0,0,294.0,426.0,5.0,47.0,19.0,2,0
21,Bologna,21-01-2022,Ospiti,P,1,Hellas Verona,2,8.0,2.0,0,0,247.0,373.0,2.0,43.0,9.0,4,0
23,Bologna,12-02-2022,Ospiti,P,0,Lazio,3,11.0,3.0,0,0,422.0,488.0,3.0,43.0,16.0,2,0
25,Bologna,26-02-2022,Ospiti,N,1,Salernitana,1,8.0,3.0,0,0,276.0,370.0,1.0,44.0,26.0,3,0
27,Bologna,13-03-2022,Ospiti,P,0,Fiorentina,1,4.0,0.0,0,0,243.0,340.0,1.0,39.0,17.0,5,1
29,Bologna,04-04-2022,Ospiti,N,0,Milan,0,8.0,4.0,0,0,328.0,425.0,2.0,47.0,10.0,2,0
31,Bologna,16-04-2022,Ospiti,N,1,Juventus,1,10.0,2.0,0,0,350.0,420.0,5.0,49.0,12.0,5,2
34,Bologna,01-05-2022,Ospiti,N,0,Roma,0,10.0,4.0,0,0,429.0,535.0,5.0,57.0,12.0,1,0
35,Bologna,08-05-2022,Ospiti,P,3,Venezia,4,23.0,10.0,0,0,420.0,508.0,8.0,59.0,16.0,4,0
37,Bologna,21-05-2022,Ospiti,V,1,Genoa,0,11.0,3.0,0,0,321.0,435.0,9.0,50.0,10.0,1,0
1,Cagliari,29-08-2021,Ospiti,P,1,Milan,4,7.0,2.0,0,0,359.0,423.0,3.0,43.0,12.0,5,0
3,Cagliari,19-09-2021,Ospiti,N,2,Lazio,2,10.0,3.0,0,0,198.0,296.0,1.0,28.0,13.0,3,1
5,Cagliari,26-09-2021,Ospiti,P,0,Napoli,2,6.0,0.0,0,0,297.0,375.0,4.0,33.0,13.0,1,0
8,Cagliari,24-10-2021,Ospiti,P,0,Fiorentina,3,3.0,1.0,0,0,269.0,358.0,1.0,35.0,15.0,2,0
10,Cagliari,01-11-2021,Ospiti,P,0,Bologna,2,9.0,2.0,0,0,400.0,476.0,2.0,43.0,10.0,2,1
12,Cagliari,21-11-2021,Ospiti,N,2,Sassuolo,2,10.0,3.0,1,1,297.0,392.0,5.0,42.0,11.0,2,0
14,Cagliari,30-11-2021,Ospiti,N,0,Hellas Verona,0,12.0,3.0,0,0,174.0,295.0,1.0,32.0,14.0,2,0
16,Cagliari,12-12-2021,Ospiti,P,0,Inter,4,5.0,2.0,0,0,201.0,268.0,0.0,25.0,15.0,2,0
18,Cagliari,21-12-2021,Ospiti,P,0,Juventus,2,6.0,1.0,0,0,275.0,369.0,1.0,37.0,18.0,3,0
19,Cagliari,06-01-2022,Ospiti,V,2,Sampdoria,1,15.0,7.0,0,0,395.0,518.0,5.0,51.0,17.0,3,0
21,Cagliari,16-01-2022,Ospiti,P,0,Roma,1,8.0,2.0,0,0,334.0,458.0,1.0,44.0,20.0,4,0
23,Cagliari,06-02-2022,Ospiti,V,2,Atalanta,1,7.0,4.0,0,0,305.0,406.0,1.0,39.0,14.0,5,0
24,Cagliari,13-02-2022,Ospiti,N,1,Empoli,1,17.0,4.0,0,0,320.0,444.0,4.0,55.0,14.0,2,0
26,Cagliari,27-02-2022,Ospiti,V,2,Torino,1,11.0,5.0,0,0,213.0,359.0,3.0,43.0,25.0,4,0
28,Cagliari,12-03-2022,Ospiti,P,0,Spezia,2,11.0,1.0,0,0,333.0,465.0,7.0,57.0,20.0,4,0
30,Cagliari,03-04-2022,Ospiti,P,1,Udinese,5,6.0,3.0,0,0,346.0,450.0,2.0,49.0,15.0,4,1
33,Cagliari,24-04-2022,Ospiti,P,0,Genoa,1,11.0,1.0,0,0,189.0,362.0,3.0,47.0,18.0,2,0
35,Cagliari,08-05-2022,Ospiti,N,1,Salernitana,1,9.0,3.0,0,0,332.0,427.0,6.0,52.0,18.0,2,1
37,Cagliari,22-05-2022,Ospiti,N,0,Venezia,0,30.0,7.0,0,0,428.0,536.0,11.0,56.0,22.0,3,0
1,Empoli,28-08-2021,Ospiti,V,1,Juventus,0,12.0,3.0,0,0,292.0,397.0,9.0,46.0,8.0,3,0
4,Empoli,22-09-2021,Ospiti,V,2,Cagliari,0,18.0,5.0,0,0,394.0,499.0,4.0,51.0,14.0,1,0
6,Empoli,03-10-2021,Ospiti,P,0,Roma,2,12.0,3.0,0,0,304.0,368.0,5.0,36.0,17.0,3,0
8,Empoli,23-10-2021,Ospiti,V,4,Salernitana,2,9.0,4.0,1,1,268.0,371.0,2.0,41.0,17.0,3,0
10,Empoli,31-10-2021,Ospiti,V,2,Sassuolo,1,13.0,4.0,1,1,323.0,418.0,6.0,43.0,15.0,2,0
12,Empoli,22-11-2021,Ospiti,P,1,Hellas Verona,2,9.0,3.0,0,0,278.0,401.0,3.0,44.0,14.0,3,0
14,Empoli,02-12-2021,Ospiti,N,2,Torino,2,17.0,5.0,0,0,372.0,480.0,11.0,59.0,17.0,3,0
16,Empoli,12-12-2021,Ospiti,V,1,Napoli,0,12.0,5.0,0,0,334.0,418.0,3.0,40.0,14.0,1,0
17,Empoli,19-12-2021,Ospiti,N,1,Spezia,1,22.0,7.0,0,0,490.0,590.0,5.0,66.0,12.0,2,0
19,Empoli,06-01-2022,Ospiti,N,3,Lazio,3,10.0,3.0,1,1,278.0,360.0,2.0,38.0,12.0,4,0
21,Empoli,16-01-2022,Ospiti,N,1,Venezia,1,18.0,6.0,0,0,347.0,439.0,5.0,50.0,19.0,5,0
23,Empoli,06-02-2022,Ospiti,N,0,Bologna,0,15.0,4.0,0,0,279.0,383.0,5.0,41.0,15.0,4,0
25,Empoli,19-02-2022,Ospiti,P,0,Sampdoria,2,10.0,2.0,0,0,435.0,538.0,6.0,58.0,12.0,2,0
27,Empoli,06-03-2022,Ospiti,N,0,Genoa,0,8.0,2.0,0,0,276.0,422.0,2.0,48.0,22.0,3,0
28,Empoli,12-03-2022,Ospiti,P,0,Milan,1,5.0,3.0,0,0,397.0,492.0,4.0,48.0,12.0,0,0
30,Empoli,03-04-2022,Ospiti,P,0,Fiorentina,1,4.0,1.0,0,0,294.0,361.0,0.0,39.0,19.0,3,1
32,Empoli,16-04-2022,Ospiti,P,1,Udinese,4,14.0,3.0,1,1,394.0,489.0,7.0,61.0,13.0,4,0
35,Empoli,06-05-2022,Ospiti,P,2,Inter,4,4.0,2.0,0,0,289.0,360.0,2.0,36.0,10.0,0,0
37,Empoli,21-05-2022,Ospiti,V,1,Atalanta,0,7.0,3.0,0,0,321.0,407.0,2.0,39.0,9.0,1,0
0,Fiorentina,22-08-2021,Ospiti,P,1,Roma,3,11.0,8.0,0,0,498.0,564.0,4.0,58.0,14.0,2,1
2,Fiorentina,11-09-2021,Ospiti,V,2,Atalanta,1,5.0,0.0,2,2,374.0,454.0,3.0,45.0,21.0,4,0
3,Fiorentina,18-09-2021,Ospiti,V,2,Genoa,1,16.0,5.0,0,0,531.0,617.0,11.0,63.0,17.0,4,0
5,Fiorentina,26-09-2021,Ospiti,V,1,Udinese,0,7.0,1.0,1,1,518.0,599.0,1.0,54.0,14.0,3,0
7,Fiorentina,18-10-2021,Ospiti,P,0,Venezia,1,11.0,3.0,0,0,535.0,627.0,5.0,61.0,11.0,5,1
9,Fiorentina,27-10-2021,Ospiti,P,0,Lazio,1,9.0,1.0,0,0,485.0,573.0,6.0,51.0,14.0,3,0
11,Fiorentina,06-11-2021,Ospiti,P,0,Juventus,1,6.0,1.0,0,0,335.0,426.0,5.0,50.0,17.0,4,1
13,Fiorentina,27-11-2021,Ospiti,P,1,Empoli,2,16.0,7.0,0,0,372.0,465.0,5.0,49.0,11.0,1,0
15,Fiorentina,05-12-2021,Ospiti,V,3,Bologna,2,5.0,2.0,1,1,534.0,622.0,2.0,63.0,16.0,3,0
18,Fiorentina,22-12-2021,Ospiti,N,1,Hellas Verona,1,11.0,1.0,0,0,447.0,570.0,8.0,60.0,5.0,1,0
19,Fiorentina,10-01-2022,Ospiti,P,0,Torino,4,11.0,4.0,0,0,400.0,503.0,5.0,55.0,12.0,2,0
21,Fiorentina,23-01-2022,Ospiti,N,1,Cagliari,1,14.0,5.0,0,1,326.0,426.0,4.0,59.0,15.0,3,1
23,Fiorentina,14-02-2022,Ospiti,V,2,Spezia,1,20.0,4.0,0,1,433.0,527.0,8.0,67.0,10.0,1,0
25,Fiorentina,26-02-2022,Ospiti,P,1,Sassuolo,2,15.0,6.0,0,0,365.0,463.0,10.0,51.0,13.0,2,1
28,Fiorentina,19-03-2022,Ospiti,N,1,Inter,1,17.0,4.0,0,0,424.0,518.0,3.0,50.0,13.0,2,0
30,Fiorentina,10-04-2022,Ospiti,V,3,Napoli,2,11.0,4.0,0,0,442.0,528.0,2.0,50.0,19.0,3,0
32,Fiorentina,24-04-2022,Ospiti,P,1,Salernitana,2,8.0,3.0,0,0,521.0,630.0,4.0,72.0,12.0,1,0
34,Fiorentina,01-05-2022,Ospiti,P,0,Milan,1,8.0,2.0,0,0,369.0,457.0,2.0,51.0,17.0,3,0
36,Fiorentina,16-05-2022,Ospiti,P,1,Sampdoria,4,11.0,0.0,1,1,452.0,537.0,5.0,63.0,9.0,3,0
0,Genoa,21-08-2021,Ospiti,P,0,Inter,4,10.0,4.0,0,0,365.0,430.0,2.0,41.0,7.0,2,0
2,Genoa,12-09-2021,Ospiti,V,3,Cagliari,2,11.0,3.0,0,0,395.0,475.0,6.0,47.0,16.0,3,0
4,Genoa,21-09-2021,Ospiti,N,2,Bologna,2,10.0,5.0,1,1,292.0,392.0,2.0,41.0,19.0,4,0
6,Genoa,02-10-2021,Ospiti,P,0,Salernitana,1,18.0,3.0,0,0,336.0,427.0,8.0,50.0,19.0,2,0
8,Genoa,22-10-2021,Ospiti,P,2,Torino,3,14.0,4.0,0,0,236.0,354.0,4.0,42.0,24.0,3,0
9,Genoa,26-10-2021,Ospiti,N,1,Spezia,1,8.0,1.0,1,1,368.0,493.0,3.0,53.0,17.0,4,0
11,Genoa,05-11-2021,Ospiti,N,2,Empoli,2,14.0,6.0,1,1,302.0,417.0,5.0,47.0,22.0,4,0
13,Genoa,28-11-2021,Ospiti,N,0,Udinese,0,9.0,2.0,0,0,446.0,554.0,1.0,57.0,11.0,4,0
15,Genoa,05-12-2021,Ospiti,P,0,Juventus,2,0.0,0.0,0,0,253.0,340.0,1.0,30.0,8.0,1,0
17,Genoa,17-12-2021,Ospiti,P,1,Lazio,3,4.0,2.0,0,0,469.0,555.0,2.0,45.0,11.0,3,0
19,Genoa,06-01-2022,Ospiti,N,1,Sassuolo,1,4.0,1.0,0,0,199.0,287.0,4.0,26.0,12.0,0,0
21,Genoa,17-01-2022,Ospiti,P,0,Fiorentina,6,3.0,0.0,0,0,214.0,288.0,0.0,27.0,19.0,3,0
23,Genoa,05-02-2022,Ospiti,N,0,Roma,0,10.0,3.0,0,0,181.0,316.0,4.0,38.0,23.0,2,1
25,Genoa,20-02-2022,Ospiti,N,1,Venezia,1,12.0,2.0,0,0,272.0,421.0,5.0,53.0,19.0,2,0
28,Genoa,13-03-2022,Ospiti,N,0,Atalanta,0,13.0,3.0,0,0,291.0,455.0,3.0,41.0,18.0,0,0
30,Genoa,04-04-2022,Ospiti,P,0,Hellas Verona,1,7.0,4.0,0,0,295.0,465.0,5.0,54.0,15.0,3,0
32,Genoa,15-04-2022,Ospiti,P,0,Milan,2,7.0,1.0,0,0,274.0,382.0,1.0,42.0,22.0,2,0
34,Genoa,30-04-2022,Ospiti,P,0,Sampdoria,1,13.0,4.0,0,1,272.0,400.0,2.0,52.0,26.0,1,0
36,Genoa,15-05-2022,Ospiti,P,0,Napoli,3,11.0,3.0,0,0,236.0,308.0,2.0,34.0,21.0,1,0
2,Hellas Verona,13-09-2021,Ospiti,P,0,Bologna,1,5.0,0.0,0,0,393.0,480.0,2.0,57.0,24.0,3,0
4,Hellas Verona,22-09-2021,Ospiti,N,2,Salernitana,2,9.0,5.0,0,0,314.0,423.0,5.0,50.0,19.0,3,0
5,Hellas Verona,25-09-2021,Ospiti,N,3,Genoa,3,11.0,6.0,1,1,358.0,475.0,2.0,51.0,15.0,1,0
7,Hellas Verona,16-10-2021,Ospiti,P,2,Milan,3,9.0,4.0,1,1,285.0,395.0,4.0,47.0,21.0,4,0
9,Hellas Verona,27-10-2021,Ospiti,N,1,Udinese,1,4.0,1.0,1,1,487.0,583.0,4.0,66.0,12.0,2,0
11,Hellas Verona,07-11-2021,Ospiti,N,1,Napoli,1,11.0,3.0,0,0,304.0,390.0,2.0,42.0,18.0,7,2
13,Hellas Verona,27-11-2021,Ospiti,P,1,Sampdoria,3,15.0,4.0,0,0,405.0,495.0,5.0,58.0,17.0,1,0
15,Hellas Verona,05-12-2021,Ospiti,V,4,Venezia,3,15.0,5.0,1,1,376.0,483.0,6.0,56.0,15.0,2,0
17,Hellas Verona,19-12-2021,Ospiti,P,0,Torino,1,8.0,2.0,0,0,205.0,323.0,3.0,34.0,6.0,2,1
19,Hellas Verona,06-01-2022,Ospiti,V,2,Spezia,1,22.0,5.0,0,0,412.0,521.0,7.0,60.0,11.0,2,0
21,Hellas Verona,16-01-2022,Ospiti,V,4,Sassuolo,2,20.0,5.0,1,1,291.0,394.0,7.0,45.0,18.0,4,0
23,Hellas Verona,06-02-2022,Ospiti,P,0,Juventus,2,13.0,1.0,0,0,440.0,552.0,5.0,54.0,11.0,1,0
25,Hellas Verona,19-02-2022,Ospiti,N,2,Roma,2,5.0,3.0,0,0,293.0,419.0,2.0,43.0,14.0,2,0
27,Hellas Verona,06-03-2022,Ospiti,N,1,Fiorentina,1,3.0,1.0,1,1,307.0,412.0,2.0,50.0,15.0,4,0
29,Hellas Verona,20-03-2022,Ospiti,N,1,Empoli,1,13.0,4.0,0,1,428.0,532.0,7.0,62.0,13.0,3,0
31,Hellas Verona,09-04-2022,Ospiti,P,0,Inter,2,9.0,3.0,0,0,394.0,486.0,2.0,52.0,8.0,0,0
32,Hellas Verona,18-04-2022,Ospiti,V,2,Atalanta,1,21.0,6.0,0,0,333.0,433.0,1.0,44.0,13.0,3,0
34,Hellas Verona,30-04-2022,Ospiti,V,2,Cagliari,1,13.0,4.0,0,0,216.0,331.0,2.0,40.0,26.0,4,0
37,Hellas Verona,21-05-2022,Ospiti,N,3,Lazio,3,11.0,7.0,0,0,287.0,387.0,4.0,47.0,20.0,6,0
1,Inter,27-08-2021,Ospiti,V,3,Hellas Verona,1,16.0,8.0,0,0,388.0,492.0,4.0,57.0,11.0,2,0
2,Inter,12-09-2021,Ospiti,N,2,Sampdoria,2,8.0,3.0,0,0,318.0,418.0,4.0,48.0,14.0,4,0
4,Inter,21-09-2021,Ospiti,V,3,Fiorentina,1,17.0,5.0,0,0,400.0,472.0,8.0,47.0,17.0,3,0
6,Inter,02-10-2021,Ospiti,V,2,Sassuolo,1,16.0,2.0,1,1,348.0,436.0,8.0,45.0,21.0,2,0
7,Inter,16-10-2021,Ospiti,P,1,Lazio,3,11.0,3.0,1,1,470.0,554.0,3.0,48.0,12.0,6,0
9,Inter,27-10-2021,Ospiti,V,2,Empoli,0,21.0,9.0,0,0,607.0,684.0,6.0,69.0,16.0,3,0
11,Inter,07-11-2021,Ospiti,N,1,Milan,1,12.0,0.0,1,2,333.0,426.0,8.0,49.0,11.0,0,0
13,Inter,27-11-2021,Ospiti,V,2,Venezia,0,26.0,10.0,1,1,540.0,619.0,9.0,56.0,8.0,0,0
15,Inter,04-12-2021,Ospiti,V,3,Roma,0,10.0,4.0,0,0,736.0,803.0,3.0,66.0,7.0,1,0
17,Inter,17-12-2021,Ospiti,V,5,Salernitana,0,23.0,8.0,0,0,590.0,666.0,10.0,65.0,12.0,2,0
20,Inter,16-01-2022,Ospiti,N,0,Atalanta,0,11.0,3.0,0,0,597.0,699.0,4.0,63.0,12.0,2,0
23,Inter,12-02-2022,Ospiti,N,1,Napoli,1,8.0,2.0,0,0,485.0,564.0,2.0,51.0,14.0,1,0
25,Inter,25-02-2022,Ospiti,N,0,Genoa,0,21.0,4.0,0,0,529.0,652.0,14.0,71.0,10.0,1,0
27,Inter,13-03-2022,Ospiti,N,1,Torino,1,14.0,6.0,0,0,403.0,529.0,4.0,56.0,21.0,5,0
29,Inter,03-04-2022,Ospiti,V,1,Juventus,0,5.0,1.0,1,1,376.0,461.0,1.0,46.0,20.0,4,0
31,Inter,15-04-2022,Ospiti,V,3,Spezia,1,23.0,7.0,0,0,541.0,644.0,7.0,66.0,12.0,0,0
33,Inter,27-04-2022,Ospiti,P,1,Bologna,2,26.0,6.0,0,0,534.0,629.0,7.0,59.0,11.0,3,0
34,Inter,01-05-2022,Ospiti,V,2,Udinese,1,11.0,4.0,0,1,434.0,509.0,11.0,52.0,11.0,1,0
36,Inter,15-05-2022,Ospiti,V,3,Cagliari,1,17.0,7.0,0,0,527.0,601.0,5.0,62.0,15.0,2,0
0,Juventus,22-08-2021,Ospiti,N,2,Udinese,2,10.0,3.0,0,0,480.0,551.0,3.0,56.0,16.0,3,0
2,Juventus,11-09-2021,Ospiti,P,1,Napoli,2,8.0,4.0,0,0,264.0,330.0,1.0,33.0,16.0,1,0
4,Juventus,22-09-2021,Ospiti,V,3,Spezia,2,26.0,9.0,0,0,458.0,548.0,15.0,59.0,10.0,1,0
6,Juventus,02-10-2021,Ospiti,V,1,Torino,0,10.0,3.0,0,0,386.0,488.0,6.0,52.0,16.0,1,0
8,Juventus,24-10-2021,Ospiti,N,1,Inter,1,15.0,3.0,1,1,443.0,533.0,2.0,51.0,19.0,2,0
10,Juventus,30-10-2021,Ospiti,P,1,Hellas Verona,2,15.0,4.0,0,0,477.0,590.0,1.0,55.0,7.0,3,0
12,Juventus,20-11-2021,Ospiti,V,2,Lazio,0,9.0,3.0,2,2,431.0,505.0,2.0,43.0,16.0,1,0
14,Juventus,30-11-2021,Ospiti,V,2,Salernitana,0,17.0,7.0,0,1,775.0,850.0,4.0,73.0,11.0,1,0
16,Juventus,11-12-2021,Ospiti,N,1,Venezia,1,20.0,6.0,0,0,501.0,611.0,11.0,60.0,13.0,2,0
17,Juventus,18-12-2021,Ospiti,V,2,Bologna,0,11.0,7.0,0,0,346.0,435.0,3.0,43.0,20.0,1,0
20,Juventus,09-01-2022,Ospiti,V,4,Roma,3,14.0,5.0,0,0,349.0,417.0,1.0,47.0,12.0,4,1
22,Juventus,23-01-2022,Ospiti,N,0,Milan,0,8.0,0.0,0,0,478.0,559.0,1.0,53.0,22.0,2,0
24,Juventus,13-02-2022,Ospiti,N,1,Atalanta,1,15.0,6.0,0,0,396.0,504.0,8.0,48.0,12.0,3,0
26,Juventus,26-02-2022,Ospiti,V,3,Empoli,2,12.0,5.0,0,0,372.0,463.0,3.0,47.0,8.0,0,0
28,Juventus,12-03-2022,Ospiti,V,3,Sampdoria,1,5.0,2.0,1,1,525.0,594.0,0.0,51.0,17.0,2,0
31,Juventus,09-04-2022,Ospiti,V,2,Cagliari,1,20.0,7.0,0,0,436.0,533.0,4.0,59.0,10.0,0,0
33,Juventus,25-04-2022,Ospiti,V,2,Sassuolo,1,10.0,5.0,0,0,336.0,416.0,4.0,38.0,10.0,2,0
35,Juventus,06-05-2022,Ospiti,P,1,Genoa,2,13.0,4.0,0,0,442.0,540.0,2.0,53.0,15.0,3,0
37,Juventus,21-05-2022,Ospiti,P,0,Fiorentina,2,1.0,0.0,0,0,304.0,374.0,2.0,34.0,14.0,3,0
0,Lazio,21-08-2021,Ospiti,V,3,Empoli,1,7.0,3.0,1,1,517.0,589.0,3.0,54.0,10.0,1,0
2,Lazio,12-09-2021,Ospiti,P,0,Milan,2,8.0,5.0,0,0,488.0,570.0,1.0,53.0,19.0,4,0
4,Lazio,23-09-2021,Ospiti,N,1,Torino,1,5.0,1.0,1,1,378.0,499.0,5.0,55.0,9.0,3,0
6,Lazio,03-10-2021,Ospiti,P,0,Bologna,3,8.0,4.0,0,0,570.0,665.0,3.0,59.0,18.0,5,1
8,Lazio,24-10-2021,Ospiti,P,1,Hellas Verona,4,9.0,4.0,0,0,428.0,543.0,4.0,51.0,17.0,2,0
10,Lazio,30-10-2021,Ospiti,N,2,Atalanta,2,8.0,5.0,0,0,395.0,489.0,2.0,44.0,15.0,3,0
13,Lazio,28-11-2021,Ospiti,P,0,Napoli,4,6.0,2.0,0,0,446.0,514.0,3.0,38.0,15.0,4,0
15,Lazio,05-12-2021,Ospiti,V,3,Sampdoria,1,6.0,5.0,0,0,503.0,600.0,0.0,52.0,10.0,3,1
16,Lazio,12-12-2021,Ospiti,P,1,Sassuolo,2,6.0,2.0,0,0,388.0,474.0,0.0,41.0,12.0,2,0
18,Lazio,22-12-2021,Ospiti,V,3,Venezia,1,7.0,4.0,0,0,510.0,587.0,4.0,53.0,12.0,3,0
20,Lazio,09-01-2022,Ospiti,P,1,Inter,2,5.0,2.0,0,0,373.0,456.0,3.0,40.0,17.0,4,0
21,Lazio,15-01-2022,Ospiti,V,3,Salernitana,0,15.0,8.0,0,0,841.0,917.0,7.0,73.0,16.0,3,0
23,Lazio,05-02-2022,Ospiti,V,3,Fiorentina,0,12.0,7.0,0,0,445.0,520.0,3.0,50.0,16.0,5,0
25,Lazio,20-02-2022,Ospiti,N,1,Udinese,1,10.0,2.0,0,0,503.0,588.0,12.0,59.0,9.0,2,0
27,Lazio,05-03-2022,Ospiti,V,3,Cagliari,0,14.0,4.0,1,1,477.0,587.0,6.0,55.0,13.0,2,1
29,Lazio,20-03-2022,Ospiti,P,0,Roma,3,9.0,3.0,0,0,577.0,669.0,3.0,66.0,14.0,3,0
31,Lazio,10-04-2022,Ospiti,V,4,Genoa,1,17.0,11.0,0,0,467.0,573.0,6.0,56.0,9.0,1,0
34,Lazio,30-04-2022,Ospiti,V,4,Spezia,3,21.0,8.0,1,1,580.0,677.0,5.0,70.0,10.0,1,0
36,Lazio,16-05-2022,Ospiti,N,2,Juventus,2,18.0,7.0,0,0,555.0,627.0,9.0,63.0,17.0,3,0
0,Milan,23-08-2021,Ospiti,V,1,Sampdoria,0,11.0,4.0,0,0,349.0,442.0,3.0,51.0,15.0,1,0
3,Milan,19-09-2021,Ospiti,N,1,Juventus,1,13.0,3.0,0,0,459.0,528.0,4.0,56.0,16.0,1,0
5,Milan,25-09-2021,Ospiti,V,2,Spezia,1,18.0,5.0,0,0,461.0,557.0,4.0,64.0,12.0,2,0
6,Milan,03-10-2021,Ospiti,V,3,Atalanta,2,13.0,7.0,0,0,311.0,397.0,5.0,44.0,16.0,4,0
8,Milan,23-10-2021,Ospiti,V,4,Bologna,2,15.0,7.0,0,0,561.0,636.0,1.0,62.0,17.0,3,0
10,Milan,31-10-2021,Ospiti,V,2,Roma,1,7.0,2.0,1,1,357.0,431.0,2.0,50.0,14.0,7,1
12,Milan,20-11-2021,Ospiti,P,3,Fiorentina,4,16.0,6.0,0,0,452.0,542.0,6.0,55.0,13.0,1,0
14,Milan,01-12-2021,Ospiti,V,3,Genoa,0,18.0,5.0,0,0,518.0,604.0,6.0,58.0,16.0,1,0
16,Milan,11-12-2021,Ospiti,N,1,Udinese,1,12.0,1.0,0,0,572.0,687.0,5.0,66.0,11.0,2,0
18,Milan,22-12-2021,Ospiti,V,4,Empoli,2,18.0,8.0,0,0,324.0,409.0,3.0,44.0,16.0,2,0
20,Milan,09-01-2022,Ospiti,V,3,Venezia,0,17.0,6.0,1,1,584.0,670.0,7.0,62.0,15.0,3,0
23,Milan,05-02-2022,Ospiti,V,2,Inter,1,10.0,3.0,0,0,375.0,457.0,4.0,54.0,14.0,4,1
25,Milan,19-02-2022,Ospiti,N,2,Salernitana,2,13.0,5.0,0,0,430.0,532.0,7.0,60.0,13.0,4,0
27,Milan,06-03-2022,Ospiti,V,1,Napoli,0,12.0,7.0,0,0,310.0,392.0,7.0,40.0,20.0,4,0
29,Milan,19-03-2022,Ospiti,V,1,Cagliari,0,21.0,5.0,0,0,397.0,494.0,5.0,57.0,16.0,0,0
31,Milan,10-04-2022,Ospiti,N,0,Torino,0,14.0,4.0,0,0,365.0,472.0,5.0,57.0,8.0,2,0
33,Milan,24-04-2022,Ospiti,V,2,Lazio,1,25.0,8.0,0,0,389.0,501.0,8.0,53.0,16.0,4,0
35,Milan,08-05-2022,Ospiti,V,3,Hellas Verona,1,18.0,8.0,0,0,355.0,450.0,8.0,53.0,7.0,1,0
37,Milan,22-05-2022,Ospiti,V,3,Sassuolo,0,18.0,11.0,0,0,311.0,387.0,7.0,48.0,15.0,1,0
1,Napoli,29-08-2021,Ospiti,V,2,Genoa,1,13.0,8.0,0,0,532.0,622.0,5.0,61.0,18.0,3,0
3,Napoli,20-09-2021,Ospiti,V,4,Udinese,0,18.0,8.0,0,0,618.0,683.0,5.0,63.0,12.0,1,0
4,Napoli,23-09-2021,Ospiti,V,4,Sampdoria,0,17.0,9.0,0,0,481.0,552.0,5.0,52.0,8.0,1,0
6,Napoli,03-10-2021,Ospiti,V,2,Fiorentina,1,11.0,4.0,0,1,344.0,418.0,2.0,45.0,13.0,3,0
8,Napoli,24-10-2021,Ospiti,N,0,Roma,0,11.0,2.0,0,0,485.0,568.0,4.0,62.0,10.0,1,0
10,Napoli,31-10-2021,Ospiti,V,1,Salernitana,0,18.0,4.0,0,0,482.0,561.0,4.0,62.0,13.0,2,1
12,Napoli,21-11-2021,Ospiti,P,2,Inter,3,9.0,3.0,0,0,431.0,517.0,1.0,56.0,19.0,3,0
14,Napoli,01-12-2021,Ospiti,N,2,Sassuolo,2,9.0,4.0,0,0,413.0,502.0,4.0,50.0,20.0,2,0
17,Napoli,19-12-2021,Ospiti,V,1,Milan,0,11.0,2.0,0,0,448.0,552.0,5.0,52.0,21.0,2,0
19,Napoli,06-01-2022,Ospiti,N,1,Juventus,1,16.0,4.0,0,0,544.0,627.0,3.0,56.0,12.0,1,0
21,Napoli,17-01-2022,Ospiti,V,2,Bologna,0,14.0,5.0,0,0,579.0,678.0,4.0,61.0,11.0,1,0
23,Napoli,06-02-2022,Ospiti,V,2,Venezia,0,16.0,6.0,0,0,672.0,780.0,6.0,66.0,11.0,2,0
25,Napoli,21-02-2022,Ospiti,N,1,Cagliari,1,7.0,3.0,0,0,363.0,494.0,5.0,54.0,22.0,2,0
26,Napoli,27-02-2022,Ospiti,V,2,Lazio,1,14.0,7.0,0,0,601.0,690.0,5.0,55.0,17.0,2,0
28,Napoli,13-03-2022,Ospiti,V,2,Hellas Verona,1,13.0,4.0,0,0,375.0,485.0,5.0,51.0,9.0,0,0
30,Napoli,03-04-2022,Ospiti,V,3,Atalanta,1,5.0,4.0,1,1,368.0,473.0,1.0,45.0,12.0,3,0
33,Napoli,24-04-2022,Ospiti,P,2,Empoli,3,16.0,2.0,0,0,451.0,557.0,7.0,58.0,10.0,1,0
35,Napoli,07-05-2022,Ospiti,V,1,Torino,0,10.0,4.0,0,1,429.0,504.0,4.0,57.0,12.0,3,0
37,Napoli,22-05-2022,Ospiti,V,3,Spezia,0,10.0,4.0,0,0,641.0,722.0,2.0,68.0,9.0,2,0
1,Roma,29-08-2021,Ospiti,V,4,Salernitana,0,28.0,9.0,0,0,664.0,752.0,10.0,77.0,11.0,2,0
3,Roma,19-09-2021,Ospiti,P,2,Hellas Verona,3,15.0,2.0,0,0,294.0,410.0,8.0,47.0,17.0,2,0
5,Roma,26-09-2021,Ospiti,P,2,Lazio,3,19.0,6.0,1,1,409.0,481.0,9.0,50.0,14.0,4,0
7,Roma,17-10-2021,Ospiti,P,0,Juventus,1,14.0,3.0,0,1,470.0,561.0,6.0,53.0,15.0,5,0
9,Roma,27-10-2021,Ospiti,V,2,Cagliari,1,23.0,3.0,0,0,402.0,488.0,10.0,58.0,19.0,4,0
11,Roma,07-11-2021,Ospiti,P,2,Venezia,3,28.0,8.0,0,0,430.0,535.0,11.0,61.0,19.0,2,0
12,Roma,21-11-2021,Ospiti,V,2,Genoa,0,18.0,3.0,0,0,515.0,609.0,7.0,59.0,15.0,2,0
14,Roma,01-12-2021,Ospiti,P,0,Bologna,1,13.0,5.0,0,0,478.0,571.0,3.0,58.0,18.0,4,0
17,Roma,18-12-2021,Ospiti,V,4,Atalanta,1,8.0,5.0,0,0,222.0,294.0,0.0,29.0,18.0,3,0
19,Roma,06-01-2022,Ospiti,P,1,Milan,3,11.0,5.0,0,0,274.0,364.0,9.0,45.0,20.0,7,2
22,Roma,23-01-2022,Ospiti,V,4,Empoli,2,16.0,7.0,0,0,306.0,395.0,3.0,42.0,17.0,2,0
24,Roma,13-02-2022,Ospiti,N,2,Sassuolo,2,12.0,7.0,1,1,397.0,503.0,3.0,54.0,16.0,2,0
26,Roma,27-02-2022,Ospiti,V,1,Spezia,0,30.0,7.0,1,1,560.0,655.0,8.0,64.0,11.0,3,0
28,Roma,13-03-2022,Ospiti,N,1,Udinese,1,9.0,2.0,1,1,534.0,619.0,4.0,63.0,14.0,2,0
30,Roma,03-04-2022,Ospiti,V,1,Sampdoria,0,6.0,1.0,0,0,414.0,510.0,4.0,51.0,15.0,3,0
32,Roma,18-04-2022,Ospiti,N,1,Napoli,1,8.0,6.0,0,0,381.0,470.0,5.0,51.0,16.0,2,1
33,Roma,23-04-2022,Ospiti,P,1,Inter,3,9.0,2.0,0,0,517.0,595.0,3.0,55.0,13.0,2,0
35,Roma,09-05-2022,Ospiti,P,0,Fiorentina,2,7.0,1.0,0,0,407.0,492.0,3.0,47.0,15.0,1,0
37,Roma,20-05-2022,Ospiti,V,3,Torino,0,11.0,4.0,2,2,296.0,374.0,6.0,42.0,13.0,2,0
0,Salernitana,22-08-2021,Ospiti,P,2,Bologna,3,9.0,3.0,1,1,130.0,233.0,4.0,28.0,14.0,3,1
2,Salernitana,12-09-2021,Ospiti,P,0,Torino,4,8.0,2.0,0,0,263.0,367.0,4.0,40.0,11.0,2,0
5,Salernitana,26-09-2021,Ospiti,P,0,Sassuolo,1,12.0,4.0,0,0,277.0,371.0,8.0,43.0,18.0,3,0
7,Salernitana,16-10-2021,Ospiti,P,1,Spezia,2,15.0,4.0,0,0,244.0,352.0,2.0,41.0,17.0,3,0
9,Salernitana,26-10-2021,Ospiti,V,2,Venezia,1,21.0,7.0,0,0,440.0,535.0,5.0,55.0,16.0,3,0
11,Salernitana,07-11-2021,Ospiti,P,0,Lazio,3,5.0,0.0,0,0,404.0,476.0,1.0,40.0,14.0,2,0
13,Salernitana,26-11-2021,Ospiti,N,1,Cagliari,1,8.0,2.0,0,0,273.0,374.0,6.0,43.0,10.0,1,0
15,Salernitana,04-12-2021,Ospiti,P,0,Milan,2,7.0,2.0,0,0,236.0,317.0,5.0,30.0,11.0,2,0
16,Salernitana,11-12-2021,Ospiti,P,0,Fiorentina,4,11.0,6.0,0,0,251.0,336.0,3.0,30.0,12.0,1,0
18,Salernitana,09-01-2022,Ospiti,V,2,Hellas Verona,1,8.0,4.0,1,1,157.0,258.0,4.0,30.0,12.0,3,0
20,Salernitana,23-01-2022,Ospiti,P,1,Napoli,4,1.0,1.0,0,0,145.0,223.0,0.0,19.0,14.0,4,1
22,Salernitana,13-02-2022,Ospiti,N,1,Genoa,1,12.0,4.0,0,0,277.0,396.0,4.0,51.0,11.0,2,0
25,Salernitana,04-03-2022,Ospiti,P,0,Inter,5,11.0,3.0,0,0,322.0,384.0,3.0,40.0,8.0,1,0
27,Salernitana,20-03-2022,Ospiti,P,0,Juventus,2,12.0,4.0,0,0,364.0,440.0,5.0,44.0,13.0,2,0
29,Salernitana,10-04-2022,Ospiti,P,1,Roma,2,6.0,3.0,0,0,203.0,284.0,2.0,34.0,25.0,8,0
30,Salernitana,16-04-2022,Ospiti,V,2,Sampdoria,1,7.0,2.0,0,0,230.0,319.0,2.0,33.0,25.0,7,0
31,Salernitana,20-04-2022,Ospiti,V,1,Udinese,0,9.0,2.0,0,0,275.0,374.0,3.0,46.0,14.0,5,0
33,Salernitana,02-05-2022,Ospiti,N,1,Atalanta,1,11.0,9.0,0,0,272.0,375.0,4.0,39.0,11.0,2,0
36,Salernitana,14-05-2022,Ospiti,N,1,Empoli,1,28.0,8.0,0,1,375.0,471.0,11.0,55.0,9.0,2,0
1,Sampdoria,29-08-2021,Ospiti,N,0,Sassuolo,0,11.0,2.0,0,0,261.0,371.0,6.0,37.0,17.0,2,0
3,Sampdoria,19-09-2021,Ospiti,V,3,Empoli,0,14.0,8.0,0,0,294.0,400.0,8.0,47.0,15.0,2,0
5,Sampdoria,26-09-2021,Ospiti,P,2,Juventus,3,6.0,3.0,0,0,391.0,487.0,2.0,50.0,18.0,3,0
7,Sampdoria,17-10-2021,Ospiti,P,1,Cagliari,3,17.0,3.0,0,0,391.0,507.0,9.0,61.0,18.0,2,0
10,Sampdoria,30-10-2021,Ospiti,P,0,Torino,3,5.0,1.0,0,0,238.0,359.0,5.0,37.0,10.0,4,1
12,Sampdoria,21-11-2021,Ospiti,V,2,Salernitana,0,13.0,6.0,0,0,301.0,405.0,3.0,45.0,22.0,3,0
14,Sampdoria,30-11-2021,Ospiti,P,1,Fiorentina,3,11.0,4.0,0,0,311.0,411.0,6.0,40.0,17.0,3,0
16,Sampdoria,10-12-2021,Ospiti,V,3,Genoa,1,14.0,5.0,0,0,284.0,423.0,3.0,46.0,18.0,2,0
18,Sampdoria,22-12-2021,Ospiti,N,1,Roma,1,9.0,2.0,0,0,389.0,493.0,2.0,46.0,10.0,3,0
20,Sampdoria,09-01-2022,Ospiti,P,0,Napoli,1,11.0,1.0,0,0,272.0,346.0,0.0,31.0,12.0,2,0
22,Sampdoria,23-01-2022,Ospiti,P,0,Spezia,1,8.0,0.0,0,0,439.0,557.0,4.0,60.0,11.0,4,1
24,Sampdoria,13-02-2022,Ospiti,P,0,Milan,1,4.0,1.0,0,0,410.0,505.0,0.0,50.0,14.0,1,0
26,Sampdoria,28-02-2022,Ospiti,P,0,Atalanta,4,6.0,1.0,0,0,407.0,514.0,1.0,44.0,8.0,2,0
27,Sampdoria,05-03-2022,Ospiti,P,1,Udinese,2,8.0,3.0,0,0,413.0,535.0,4.0,57.0,15.0,2,0
29,Sampdoria,20-03-2022,Ospiti,V,2,Venezia,0,8.0,4.0,0,0,348.0,457.0,4.0,53.0,24.0,1,0
31,Sampdoria,11-04-2022,Ospiti,P,0,Bologna,2,9.0,2.0,0,0,403.0,495.0,0.0,47.0,12.0,2,0
33,Sampdoria,23-04-2022,Ospiti,N,1,Hellas Verona,1,3.0,2.0,0,1,271.0,394.0,5.0,43.0,16.0,3,0
35,Sampdoria,07-05-2022,Ospiti,P,0,Lazio,2,9.0,2.0,0,0,411.0,515.0,0.0,40.0,10.0,1,0
37,Sampdoria,22-05-2022,Ospiti,P,0,Inter,3,8.0,3.0,0,0,445.0,498.0,2.0,42.0,13.0,2,0
0,Sassuolo,21-08-2021,Ospiti,V,3,Hellas Verona,2,18.0,7.0,0,0,481.0,540.0,4.0,60.0,15.0,2,0
2,Sassuolo,12-09-2021,Ospiti,P,1,Roma,2,14.0,7.0,0,0,438.0,508.0,6.0,51.0,11.0,1,0
4,Sassuolo,21-09-2021,Ospiti,P,1,Atalanta,2,8.0,1.0,0,0,431.0,542.0,5.0,53.0,18.0,2,0
7,Sassuolo,17-10-2021,Ospiti,N,2,Genoa,2,15.0,5.0,0,0,439.0,517.0,1.0,57.0,22.0,4,0
9,Sassuolo,27-10-2021,Ospiti,V,2,Juventus,1,8.0,4.0,0,0,346.0,426.0,4.0,43.0,18.0,5,0
11,Sassuolo,07-11-2021,Ospiti,P,2,Udinese,3,10.0,4.0,0,0,513.0,616.0,5.0,62.0,15.0,3,0
13,Sassuolo,28-11-2021,Ospiti,V,3,Milan,1,15.0,5.0,0,0,367.0,458.0,6.0,50.0,8.0,2,0
15,Sassuolo,05-12-2021,Ospiti,N,2,Spezia,2,20.0,5.0,0,0,566.0,649.0,5.0,65.0,10.0,3,0
17,Sassuolo,19-12-2021,Ospiti,N,2,Fiorentina,2,8.0,4.0,0,0,343.0,425.0,3.0,43.0,18.0,5,0
20,Sassuolo,09-01-2022,Ospiti,V,5,Empoli,1,24.0,12.0,1,1,501.0,584.0,5.0,55.0,17.0,3,0
22,Sassuolo,23-01-2022,Ospiti,N,1,Torino,1,6.0,1.0,0,0,335.0,442.0,3.0,50.0,18.0,3,0
23,Sassuolo,06-02-2022,Ospiti,P,0,Sampdoria,4,25.0,9.0,0,0,450.0,533.0,9.0,60.0,15.0,2,0
25,Sassuolo,20-02-2022,Ospiti,V,2,Inter,0,13.0,5.0,0,0,367.0,447.0,3.0,42.0,14.0,2,0
27,Sassuolo,06-03-2022,Ospiti,V,4,Venezia,1,13.0,7.0,3,3,433.0,520.0,6.0,55.0,15.0,1,0
28,Sassuolo,12-03-2022,Ospiti,N,2,Salernitana,2,20.0,7.0,0,0,455.0,527.0,5.0,53.0,16.0,4,1
30,Sassuolo,02-04-2022,Ospiti,P,1,Lazio,2,20.0,5.0,0,0,494.0,554.0,3.0,46.0,8.0,3,0
32,Sassuolo,16-04-2022,Ospiti,P,0,Cagliari,1,8.0,2.0,0,0,444.0,563.0,3.0,63.0,11.0,2,0
34,Sassuolo,30-04-2022,Ospiti,P,1,Napoli,6,13.0,4.0,0,0,445.0,507.0,3.0,47.0,11.0,3,0
36,Sassuolo,15-05-2022,Ospiti,V,3,Bologna,1,16.0,7.0,0,0,325.0,405.0,9.0,45.0,11.0,1,0
0,Spezia,23-08-2021,Ospiti,N,2,Cagliari,2,12.0,4.0,0,0,275.0,356.0,4.0,41.0,18.0,3,0
1,Spezia,28-08-2021,Ospiti,P,1,Lazio,6,5.0,2.0,0,0,376.0,455.0,2.0,39.0,10.0,2,1
3,Spezia,19-09-2021,Ospiti,V,2,Venezia,1,12.0,3.0,0,0,403.0,522.0,10.0,55.0,11.0,1,0
6,Spezia,03-10-2021,Ospiti,P,0,Hellas Verona,4,12.0,4.0,0,0,444.0,525.0,5.0,55.0,12.0,1,1
8,Spezia,22-10-2021,Ospiti,P,1,Sampdoria,2,17.0,7.0,0,0,571.0,700.0,8.0,70.0,9.0,1,0
10,Spezia,31-10-2021,Ospiti,P,0,Fiorentina,3,3.0,0.0,0,0,334.0,403.0,4.0,45.0,23.0,3,0
12,Spezia,20-11-2021,Ospiti,P,2,Atalanta,5,10.0,5.0,0,0,417.0,519.0,6.0,50.0,13.0,3,0
14,Spezia,01-12-2021,Ospiti,P,0,Inter,2,7.0,4.0,0,0,334.0,411.0,1.0,37.0,14.0,2,0
16,Spezia,13-12-2021,Ospiti,P,0,Roma,2,8.0,2.0,0,0,411.0,505.0,4.0,48.0,8.0,1,0
18,Spezia,22-12-2021,Ospiti,V,1,Napoli,0,8.0,0.0,0,0,261.0,355.0,5.0,35.0,13.0,3,0
20,Spezia,09-01-2022,Ospiti,V,1,Genoa,0,17.0,9.0,0,0,354.0,467.0,4.0,46.0,17.0,3,0
21,Spezia,17-01-2022,Ospiti,V,2,Milan,1,10.0,6.0,0,0,274.0,367.0,1.0,40.0,18.0,5,0
23,Spezia,07-02-2022,Ospiti,N,2,Salernitana,2,11.0,0.0,2,2,299.0,396.0,6.0,44.0,22.0,3,0
25,Spezia,21-02-2022,Ospiti,P,1,Bologna,2,6.0,2.0,0,0,263.0,360.0,0.0,39.0,16.0,1,0
27,Spezia,06-03-2022,Ospiti,P,0,Juventus,1,9.0,4.0,0,0,392.0,475.0,4.0,44.0,13.0,1,0
29,Spezia,18-03-2022,Ospiti,P,1,Sassuolo,4,6.0,1.0,0,0,333.0,426.0,2.0,42.0,18.0,3,0
31,Spezia,09-04-2022,Ospiti,N,0,Empoli,0,11.0,4.0,0,0,251.0,357.0,4.0,43.0,21.0,2,0
33,Spezia,23-04-2022,Ospiti,P,1,Torino,2,6.0,1.0,1,1,323.0,443.0,6.0,45.0,17.0,2,0
36,Spezia,14-05-2022,Ospiti,V,3,Udinese,2,10.0,7.0,0,1,244.0,358.0,2.0,39.0,11.0,2,0
1,Torino,28-08-2021,Ospiti,P,1,Fiorentina,2,5.0,1.0,0,0,236.0,325.0,3.0,41.0,30.0,5,0
3,Torino,17-09-2021,Ospiti,V,1,Sassuolo,0,18.0,3.0,0,0,361.0,445.0,3.0,48.0,24.0,4,0
5,Torino,27-09-2021,Ospiti,N,1,Venezia,1,8.0,3.0,0,0,417.0,521.0,1.0,56.0,20.0,4,1
7,Torino,17-10-2021,Ospiti,P,0,Napoli,1,11.0,3.0,0,0,306.0,418.0,4.0,49.0,25.0,4,0
9,Torino,26-10-2021,Ospiti,P,0,Milan,1,13.0,2.0,0,0,415.0,519.0,5.0,56.0,22.0,3,0
11,Torino,06-11-2021,Ospiti,P,0,Spezia,1,10.0,1.0,0,0,420.0,522.0,3.0,59.0,19.0,3,0
13,Torino,28-11-2021,Ospiti,P,0,Roma,1,18.0,3.0,0,0,540.0,648.0,9.0,68.0,11.0,1,0
15,Torino,06-12-2021,Ospiti,N,1,Cagliari,1,8.0,3.0,0,0,285.0,408.0,2.0,48.0,28.0,4,0
18,Torino,22-12-2021,Ospiti,P,0,Inter,1,12.0,3.0,0,0,342.0,454.0,4.0,46.0,19.0,0,0
20,Torino,15-01-2022,Ospiti,V,2,Sampdoria,1,20.0,12.0,0,0,448.0,571.0,10.0,63.0,14.0,2,0
22,Torino,06-02-2022,Ospiti,P,0,Udinese,2,5.0,1.0,0,0,356.0,479.0,3.0,58.0,22.0,5,1
24,Torino,18-02-2022,Ospiti,N,1,Juventus,1,10.0,3.0,0,0,391.0,489.0,9.0,54.0,20.0,2,0
26,Torino,06-03-2022,Ospiti,N,0,Bologna,0,13.0,2.0,0,0,250.0,357.0,7.0,48.0,16.0,3,0
28,Torino,18-03-2022,Ospiti,P,0,Genoa,1,9.0,3.0,0,0,605.0,692.0,3.0,74.0,19.0,3,0
29,Torino,02-04-2022,Ospiti,V,1,Salernitana,0,7.0,4.0,1,1,269.0,368.0,2.0,47.0,29.0,4,0
31,Torino,16-04-2022,Ospiti,N,1,Lazio,1,12.0,4.0,0,0,483.0,553.0,7.0,52.0,12.0,2,0
33,Torino,27-04-2022,Ospiti,N,4,Atalanta,4,3.0,2.0,2,2,376.0,472.0,0.0,51.0,13.0,2,0
34,Torino,01-05-2022,Ospiti,V,3,Empoli,1,11.0,1.0,2,2,394.0,493.0,4.0,61.0,12.0,2,0
36,Torino,14-05-2022,Ospiti,V,1,Hellas Verona,0,11.0,5.0,0,0,336.0,437.0,4.0,54.0,20.0,2,0
2,Udinese,12-09-2021,Ospiti,V,1,Spezia,0,9.0,4.0,0,0,332.0,405.0,5.0,44.0,18.0,2,0
4,Udinese,23-09-2021,Ospiti,P,0,Roma,1,8.0,2.0,0,0,421.0,511.0,6.0,48.0,8.0,1,0
6,Udinese,03-10-2021,Ospiti,N,3,Sampdoria,3,18.0,7.0,0,0,294.0,382.0,8.0,46.0,19.0,5,0
8,Udinese,24-10-2021,Ospiti,N,1,Atalanta,1,9.0,3.0,0,0,239.0,333.0,3.0,33.0,17.0,2,0
10,Udinese,31-10-2021,Ospiti,P,0,Inter,2,9.0,5.0,0,0,267.0,350.0,4.0,34.0,16.0,2,0
12,Udinese,22-11-2021,Ospiti,P,1,Torino,2,18.0,7.0,0,0,351.0,461.0,7.0,49.0,21.0,3,0
14,Udinese,02-12-2021,Ospiti,N,4,Lazio,4,13.0,5.0,0,0,299.0,374.0,4.0,38.0,12.0,5,2
15,Udinese,06-12-2021,Ospiti,P,1,Empoli,3,19.0,8.0,0,0,319.0,411.0,6.0,43.0,20.0,3,0
17,Udinese,18-12-2021,Ospiti,V,4,Cagliari,0,10.0,5.0,0,0,355.0,448.0,2.0,45.0,15.0,2,0
19,Udinese,15-01-2022,Ospiti,P,0,Juventus,2,16.0,3.0,0,0,296.0,371.0,6.0,34.0,10.0,2,0
20,Udinese,22-01-2022,Ospiti,N,0,Genoa,0,2.0,0.0,0,0,205.0,351.0,4.0,48.0,18.0,4,0
22,Udinese,13-02-2022,Ospiti,P,0,Hellas Verona,4,21.0,6.0,0,0,354.0,487.0,7.0,56.0,8.0,1,0
24,Udinese,25-02-2022,Ospiti,N,1,Milan,1,11.0,6.0,0,0,247.0,328.0,4.0,38.0,19.0,4,0
27,Udinese,19-03-2022,Ospiti,P,1,Napoli,2,10.0,3.0,0,0,264.0,354.0,4.0,36.0,13.0,2,1
29,Udinese,10-04-2022,Ospiti,V,2,Venezia,1,15.0,4.0,1,1,261.0,367.0,11.0,48.0,14.0,2,0
32,Udinese,24-04-2022,Ospiti,N,2,Bologna,2,17.0,5.0,0,0,306.0,392.0,4.0,45.0,23.0,2,0
33,Udinese,27-04-2022,Ospiti,V,4,Fiorentina,0,17.0,8.0,0,0,146.0,229.0,2.0,28.0,25.0,4,0
35,Udinese,07-05-2022,Ospiti,N,1,Sassuolo,1,13.0,6.0,0,0,308.0,393.0,9.0,41.0,18.0,2,0
37,Udinese,22-05-2022,Ospiti,V,4,Salernitana,0,18.0,10.0,0,1,395.0,481.0,1.0,48.0,15.0,1,0
0,Venezia,22-08-2021,Ospiti,P,0,Napoli,2,8.0,4.0,0,0,395.0,454.0,2.0,44.0,23.0,7,0
1,Venezia,27-08-2021,Ospiti,P,0,Udinese,3,11.0,3.0,0,0,473.0,556.0,2.0,55.0,9.0,3,0
2,Venezia,11-09-2021,Ospiti,V,2,Empoli,1,10.0,3.0,0,0,199.0,275.0,2.0,31.0,25.0,5,0
4,Venezia,22-09-2021,Ospiti,P,0,Milan,2,8.0,2.0,0,0,257.0,340.0,4.0,33.0,14.0,2,0
6,Venezia,01-10-2021,Ospiti,N,1,Cagliari,1,12.0,4.0,0,0,455.0,548.0,4.0,58.0,20.0,5,0
8,Venezia,23-10-2021,Ospiti,P,1,Sassuolo,3,7.0,1.0,0,0,304.0,388.0,4.0,37.0,17.0,2,0
10,Venezia,31-10-2021,Ospiti,N,0,Genoa,0,6.0,2.0,0,0,235.0,328.0,4.0,38.0,16.0,3,0
12,Venezia,21-11-2021,Ospiti,V,1,Bologna,0,8.0,6.0,0,0,282.0,353.0,0.0,33.0,11.0,3,0
14,Venezia,30-11-2021,Ospiti,P,0,Atalanta,4,8.0,4.0,0,0,372.0,461.0,2.0,42.0,12.0,1,0
17,Venezia,19-12-2021,Ospiti,N,1,Sampdoria,1,12.0,1.0,0,0,339.0,448.0,3.0,50.0,20.0,1,0
21,Venezia,22-01-2022,Ospiti,P,1,Inter,2,3.0,3.0,0,0,219.0,311.0,0.0,29.0,10.0,4,0
23,Venezia,12-02-2022,Ospiti,V,2,Torino,1,6.0,2.0,0,0,151.0,258.0,4.0,33.0,13.0,3,1
25,Venezia,27-02-2022,Ospiti,P,1,Hellas Verona,3,9.0,3.0,0,0,249.0,389.0,5.0,43.0,14.0,1,0
27,Venezia,14-03-2022,Ospiti,P,0,Lazio,1,7.0,2.0,0,0,315.0,387.0,4.0,34.0,13.0,1,0
29,Venezia,02-04-2022,Ospiti,P,0,Spezia,1,15.0,3.0,0,0,310.0,405.0,2.0,47.0,14.0,1,0
31,Venezia,16-04-2022,Ospiti,P,0,Fiorentina,1,3.0,1.0,0,0,200.0,280.0,0.0,31.0,19.0,4,0
33,Venezia,01-05-2022,Ospiti,P,1,Juventus,2,9.0,3.0,0,0,373.0,459.0,4.0,50.0,14.0,3,0
34,Venezia,05-05-2022,Ospiti,P,1,Salernitana,2,10.0,4.0,0,0,355.0,465.0,4.0,58.0,20.0,7,1
36,Venezia,14-05-2022,Ospiti,N,1,Roma,1,4.0,2.0,0,0,198.0,291.0,2.0,32.0,15.0,5,1
