,h_team,Data,Stadio,Risultato,h_goals,a_team,a_goals,h_total_shots,h_shots_on_target,h_goals_on_penalty,h_total_penalties,h_completed_passings,h_total_passings,h_corners,h_percentage_possession,h_fouls,h_yellow_cards,h_red_cards
1,Atalanta,28-08-2021,Casa,N,0,Bologna,0,22.0,3.0,0,0,484.0,598.0,5.0,59.0,12.0,2,0
2,Atalanta,11-09-2021,Casa,P,1,Fiorentina,2,12.0,4.0,1,1,463.0,555.0,10.0,55.0,13.0,4,0
4,Atalanta,21-09-2021,Casa,V,2,Sassuolo,1,14.0,5.0,0,0,398.0,484.0,5.0,47.0,21.0,2,0
6,Atalanta,03-10-2021,Casa,P,2,Milan,3,16.0,4.0,1,1,406.0,499.0,9.0,56.0,13.0,1,0
8,Atalanta,24-10-2021,Casa,N,1,Udinese,1,8.0,3.0,0,0,582.0,683.0,6.0,67.0,16.0,2,0
10,Atalanta,30-10-2021,Casa,N,2,Lazio,2,17.0,3.0,0,0,531.0,634.0,6.0,56.0,14.0,1,0
12,Atalanta,20-11-2021,Casa,V,5,Spezia,2,17.0,8.0,1,1,449.0,529.0,0.0,50.0,11.0,2,0
14,Atalanta,30-11-2021,Casa,V,4,Venezia,0,19.0,6.0,0,0,551.0,636.0,4.0,58.0,12.0,0,0
17,Atalanta,18-12-2021,Casa,P,1,Roma,4,17.0,6.0,0,0,606.0,704.0,10.0,71.0,11.0,1,0
20,Atalanta,16-01-2022,Casa,N,0,Inter,0,12.0,6.0,0,0,306.0,412.0,6.0,37.0,15.0,2,0
22,Atalanta,06-02-2022,Casa,P,1,Cagliari,2,10.0,4.0,0,0,515.0,629.0,3.0,61.0,14.0,1,1
23,Atalanta,13-02-2022,Casa,N,1,Juventus,1,21.0,3.0,0,0,456.0,551.0,8.0,52.0,13.0,2,0
25,Atalanta,28-02-2022,Casa,V,4,Sampdoria,0,19.0,9.0,0,0,556.0,659.0,8.0,56.0,15.0,1,0
27,Atalanta,13-03-2022,Casa,N,0,Genoa,0,12.0,2.0,0,0,461.0,644.0,4.0,59.0,14.0,2,0
29,Atalanta,03-04-2022,Casa,P,1,Napoli,3,19.0,3.0,0,0,485.0,579.0,9.0,55.0,17.0,2,0
31,Atalanta,18-04-2022,Casa,P,1,Hellas Verona,2,17.0,4.0,0,0,437.0,559.0,10.0,56.0,14.0,3,0
33,Atalanta,27-04-2022,Casa,N,4,Torino,4,15.0,3.0,2,2,359.0,462.0,8.0,49.0,12.0,2,0
34,Atalanta,02-05-2022,Casa,N,1,Salernitana,1,20.0,5.0,0,0,490.0,596.0,11.0,61.0,14.0,3,0
37,Atalanta,21-05-2022,Casa,P,0,Empoli,1,40.0,9.0,0,0,542.0,645.0,15.0,61.0,8.0,1,0
0,Bologna,22-08-2021,Casa,V,3,Salernitana,2,18.0,7.0,0,0,485.0,588.0,9.0,72.0,11.0,6,2
2,Bologna,13-09-2021,Casa,V,1,Hellas Verona,0,16.0,4.0,0,0,257.0,362.0,6.0,43.0,16.0,1,0
4,Bologna,21-09-2021,Casa,N,2,Genoa,2,16.0,4.0,1,1,471.0,567.0,6.0,59.0,15.0,3,0
6,Bologna,03-10-2021,Casa,V,3,Lazio,0,10.0,3.0,0,0,378.0,462.0,3.0,41.0,7.0,2,0
8,Bologna,23-10-2021,Casa,P,2,Milan,4,9.0,4.0,0,0,305.0,382.0,4.0,38.0,9.0,1,2
10,Bologna,01-11-2021,Casa,V,2,Cagliari,0,8.0,3.0,0,0,553.0,638.0,5.0,57.0,13.0,3,0
12,Bologna,21-11-2021,Casa,P,0,Venezia,1,24.0,6.0,0,0,603.0,711.0,17.0,67.0,6.0,0,0
14,Bologna,01-12-2021,Casa,V,1,Roma,0,6.0,3.0,0,0,325.0,421.0,3.0,42.0,9.0,3,0
15,Bologna,05-12-2021,Casa,P,2,Fiorentina,3,8.0,3.0,0,0,288.0,366.0,0.0,37.0,12.0,3,0
17,Bologna,18-12-2021,Casa,P,0,Juventus,2,11.0,3.0,0,0,476.0,581.0,8.0,57.0,10.0,1,0
20,Bologna,17-01-2022,Casa,P,0,Napoli,2,12.0,5.0,0,0,349.0,438.0,1.0,39.0,10.0,3,0
22,Bologna,06-02-2022,Casa,N,0,Empoli,0,12.0,2.0,0,0,448.0,560.0,3.0,59.0,11.0,2,0
24,Bologna,21-02-2022,Casa,V,2,Spezia,1,19.0,7.0,0,0,456.0,566.0,11.0,61.0,7.0,1,0
26,Bologna,06-03-2022,Casa,N,0,Torino,0,6.0,1.0,0,0,273.0,385.0,5.0,52.0,23.0,3,0
28,Bologna,20-03-2022,Casa,P,0,Atalanta,1,12.0,3.0,0,0,467.0,604.0,6.0,60.0,9.0,0,0
30,Bologna,11-04-2022,Casa,V,2,Sampdoria,0,19.0,4.0,0,0,456.0,557.0,6.0,53.0,12.0,1,0
32,Bologna,24-04-2022,Casa,N,2,Udinese,2,10.0,3.0,0,0,379.0,474.0,2.0,55.0,9.0,2,0
33,Bologna,27-04-2022,Casa,V,2,Inter,1,5.0,3.0,0,0,363.0,440.0,0.0,41.0,12.0,1,0
36,Bologna,15-05-2022,Casa,P,1,Sassuolo,3,8.0,1.0,1,1,412.0,495.0,4.0,55.0,11.0,0,0
0,Cagliari,23-08-2021,Casa,N,2,Spezia,2,19.0,6.0,1,1,409.0,519.0,11.0,59.0,17.0,2,0
2,Cagliari,12-09-2021,Casa,P,2,Genoa,3,8.0,2.0,1,1,435.0,534.0,2.0,53.0,16.0,2,0
4,Cagliari,22-09-2021,Casa,P,0,Empoli,2,15.0,1.0,0,0,376.0,489.0,7.0,49.0,15.0,2,0
6,Cagliari,01-10-2021,Casa,N,1,Venezia,1,9.0,3.0,0,0,310.0,401.0,2.0,42.0,16.0,2,0
7,Cagliari,17-10-2021,Casa,V,3,Sampdoria,1,12.0,5.0,0,0,228.0,329.0,5.0,39.0,15.0,4,0
9,Cagliari,27-10-2021,Casa,P,1,Roma,2,7.0,5.0,0,0,264.0,355.0,2.0,42.0,18.0,3,0
11,Cagliari,06-11-2021,Casa,P,1,Atalanta,2,7.0,1.0,0,0,287.0,389.0,2.0,38.0,16.0,1,0
13,Cagliari,26-11-2021,Casa,N,1,Salernitana,1,19.0,3.0,0,0,401.0,505.0,7.0,57.0,16.0,3,0
15,Cagliari,06-12-2021,Casa,N,1,Torino,1,16.0,2.0,0,0,288.0,440.0,5.0,52.0,12.0,2,0
17,Cagliari,18-12-2021,Casa,P,0,Udinese,4,5.0,2.0,0,0,436.0,544.0,4.0,55.0,12.0,4,1
20,Cagliari,11-01-2022,Casa,V,2,Bologna,1,13.0,4.0,0,0,354.0,482.0,5.0,53.0,14.0,3,0
22,Cagliari,23-01-2022,Casa,N,1,Fiorentina,1,11.0,1.0,0,1,196.0,293.0,6.0,41.0,24.0,3,0
25,Cagliari,21-02-2022,Casa,N,1,Napoli,1,13.0,5.0,0,0,290.0,419.0,3.0,46.0,18.0,1,0
27,Cagliari,05-03-2022,Casa,P,0,Lazio,3,16.0,3.0,0,0,357.0,481.0,7.0,45.0,11.0,3,0
29,Cagliari,19-03-2022,Casa,P,0,Milan,1,13.0,1.0,0,0,242.0,368.0,6.0,43.0,14.0,1,0
31,Cagliari,09-04-2022,Casa,P,1,Juventus,2,4.0,1.0,0,0,256.0,375.0,1.0,41.0,19.0,1,0
32,Cagliari,16-04-2022,Casa,V,1,Sassuolo,0,15.0,7.0,0,0,220.0,329.0,3.0,37.0,18.0,2,0
34,Cagliari,30-04-2022,Casa,P,1,Hellas Verona,2,14.0,4.0,0,0,353.0,487.0,2.0,60.0,16.0,2,0
36,Cagliari,15-05-2022,Casa,P,1,Inter,3,10.0,2.0,0,0,294.0,375.0,2.0,38.0,14.0,0,0
0,Empoli,21-08-2021,Casa,P,1,Lazio,3,17.0,4.0,0,0,410.0,496.0,5.0,46.0,15.0,2,0
2,Empoli,11-09-2021,Casa,P,1,Venezia,2,21.0,5.0,1,1,499.0,607.0,8.0,69.0,13.0,2,0
3,Empoli,19-09-2021,Casa,P,0,Sampdoria,3,15.0,4.0,0,0,349.0,456.0,8.0,53.0,11.0,2,0
5,Empoli,26-09-2021,Casa,V,4,Bologna,2,14.0,6.0,1,1,219.0,299.0,2.0,37.0,16.0,2,0
7,Empoli,17-10-2021,Casa,P,1,Atalanta,4,13.0,4.0,0,0,355.0,459.0,5.0,48.0,11.0,3,0
9,Empoli,27-10-2021,Casa,P,0,Inter,2,9.0,1.0,0,0,235.0,301.0,5.0,31.0,22.0,1,1
11,Empoli,05-11-2021,Casa,N,2,Genoa,2,10.0,2.0,0,0,341.0,467.0,4.0,53.0,9.0,0,0
13,Empoli,27-11-2021,Casa,V,2,Fiorentina,1,17.0,5.0,0,0,374.0,475.0,8.0,51.0,18.0,1,0
15,Empoli,06-12-2021,Casa,V,3,Udinese,1,22.0,8.0,0,0,442.0,536.0,8.0,57.0,15.0,4,0
18,Empoli,22-12-2021,Casa,P,2,Milan,4,15.0,4.0,1,1,415.0,513.0,6.0,56.0,18.0,1,0
20,Empoli,09-01-2022,Casa,P,1,Sassuolo,5,15.0,4.0,0,0,398.0,485.0,5.0,45.0,13.0,2,1
22,Empoli,23-01-2022,Casa,P,2,Roma,4,16.0,7.0,0,0,455.0,551.0,2.0,58.0,14.0,2,0
24,Empoli,13-02-2022,Casa,N,1,Cagliari,1,15.0,6.0,0,0,253.0,369.0,6.0,45.0,19.0,1,0
26,Empoli,26-02-2022,Casa,P,2,Juventus,3,11.0,2.0,0,0,419.0,519.0,7.0,53.0,18.0,2,0
29,Empoli,20-03-2022,Casa,N,1,Hellas Verona,1,7.0,2.0,0,0,213.0,332.0,3.0,38.0,17.0,2,0
31,Empoli,09-04-2022,Casa,N,0,Spezia,0,15.0,4.0,0,0,364.0,477.0,5.0,57.0,10.0,2,0
33,Empoli,24-04-2022,Casa,V,3,Napoli,2,17.0,7.0,0,0,305.0,404.0,10.0,42.0,13.0,4,0
34,Empoli,01-05-2022,Casa,P,1,Torino,3,11.0,4.0,0,0,223.0,309.0,5.0,39.0,16.0,4,2
36,Empoli,14-05-2022,Casa,N,1,Salernitana,1,16.0,6.0,0,0,308.0,390.0,3.0,45.0,18.0,3,0
1,Fiorentina,28-08-2021,Casa,V,2,Torino,1,9.0,6.0,0,0,363.0,460.0,3.0,59.0,14.0,4,0
4,Fiorentina,21-09-2021,Casa,P,1,Inter,3,14.0,6.0,0,0,452.0,530.0,4.0,53.0,13.0,2,1
6,Fiorentina,03-10-2021,Casa,P,1,Napoli,2,10.0,3.0,0,0,424.0,511.0,8.0,55.0,18.0,3,0
8,Fiorentina,24-10-2021,Casa,V,3,Cagliari,0,20.0,4.0,1,1,583.0,659.0,4.0,65.0,11.0,0,0
10,Fiorentina,31-10-2021,Casa,V,3,Spezia,0,26.0,11.0,1,1,419.0,491.0,7.0,55.0,10.0,4,0
12,Fiorentina,20-11-2021,Casa,V,4,Milan,3,9.0,5.0,0,0,361.0,449.0,5.0,45.0,7.0,1,0
14,Fiorentina,30-11-2021,Casa,V,3,Sampdoria,1,17.0,7.0,0,0,533.0,612.0,3.0,60.0,6.0,0,0
16,Fiorentina,11-12-2021,Casa,V,4,Salernitana,0,17.0,9.0,0,0,678.0,768.0,1.0,70.0,10.0,1,0
17,Fiorentina,19-12-2021,Casa,N,2,Sassuolo,2,23.0,8.0,0,0,472.0,561.0,9.0,57.0,7.0,3,1
20,Fiorentina,17-01-2022,Casa,V,6,Genoa,0,21.0,11.0,0,1,716.0,787.0,4.0,73.0,12.0,1,0
22,Fiorentina,05-02-2022,Casa,P,0,Lazio,3,9.0,3.0,0,0,446.0,522.0,4.0,50.0,15.0,3,1
24,Fiorentina,20-02-2022,Casa,V,1,Atalanta,0,6.0,3.0,0,0,373.0,461.0,2.0,49.0,19.0,2,0
26,Fiorentina,06-03-2022,Casa,N,1,Hellas Verona,1,8.0,2.0,0,0,313.0,416.0,4.0,50.0,15.0,0,0
27,Fiorentina,13-03-2022,Casa,V,1,Bologna,0,14.0,5.0,0,0,423.0,529.0,9.0,61.0,10.0,1,0
29,Fiorentina,03-04-2022,Casa,V,1,Empoli,0,24.0,11.0,0,0,506.0,574.0,4.0,61.0,10.0,1,0
31,Fiorentina,16-04-2022,Casa,V,1,Venezia,0,22.0,5.0,0,0,540.0,616.0,5.0,69.0,16.0,4,0
33,Fiorentina,27-04-2022,Casa,P,0,Udinese,4,18.0,7.0,0,0,485.0,592.0,14.0,72.0,12.0,3,0
35,Fiorentina,09-05-2022,Casa,V,2,Roma,0,11.0,6.0,1,1,480.0,561.0,5.0,53.0,17.0,3,0
37,Fiorentina,21-05-2022,Casa,V,2,Juventus,0,12.0,2.0,1,1,626.0,721.0,6.0,66.0,13.0,3,0
1,Genoa,29-08-2021,Casa,P,1,Napoli,2,6.0,3.0,0,0,310.0,400.0,4.0,39.0,20.0,2,0
3,Genoa,18-09-2021,Casa,P,1,Fiorentina,2,8.0,2.0,1,1,288.0,369.0,1.0,37.0,14.0,4,0
5,Genoa,25-09-2021,Casa,N,3,Hellas Verona,3,10.0,3.0,1,1,351.0,464.0,3.0,49.0,15.0,3,0
7,Genoa,17-10-2021,Casa,N,2,Sassuolo,2,19.0,4.0,0,0,283.0,383.0,6.0,43.0,12.0,3,0
10,Genoa,31-10-2021,Casa,N,0,Venezia,0,19.0,4.0,0,0,404.0,537.0,12.0,62.0,16.0,1,0
12,Genoa,21-11-2021,Casa,P,0,Roma,2,1.0,1.0,0,0,342.0,425.0,2.0,41.0,12.0,3,0
14,Genoa,01-12-2021,Casa,P,0,Milan,3,11.0,3.0,0,0,365.0,442.0,2.0,42.0,15.0,2,0
16,Genoa,10-12-2021,Casa,P,1,Sampdoria,3,12.0,2.0,0,0,360.0,493.0,8.0,54.0,15.0,2,0
18,Genoa,21-12-2021,Casa,N,0,Atalanta,0,1.0,0.0,0,0,205.0,347.0,3.0,33.0,16.0,2,0
20,Genoa,09-01-2022,Casa,P,0,Spezia,1,15.0,2.0,0,0,422.0,539.0,7.0,54.0,17.0,3,0
22,Genoa,22-01-2022,Casa,N,0,Udinese,0,10.0,2.0,0,0,220.0,380.0,10.0,52.0,26.0,4,1
24,Genoa,13-02-2022,Casa,N,1,Salernitana,1,16.0,5.0,0,0,268.0,388.0,5.0,49.0,22.0,3,0
26,Genoa,25-02-2022,Casa,N,0,Inter,0,7.0,1.0,0,0,157.0,266.0,0.0,29.0,12.0,1,0
27,Genoa,06-03-2022,Casa,N,0,Empoli,0,19.0,6.0,0,0,336.0,458.0,7.0,52.0,15.0,4,0
29,Genoa,18-03-2022,Casa,V,1,Torino,0,7.0,2.0,0,0,134.0,239.0,2.0,26.0,13.0,3,1
31,Genoa,10-04-2022,Casa,P,1,Lazio,4,15.0,4.0,0,0,349.0,442.0,3.0,44.0,9.0,0,0
33,Genoa,24-04-2022,Casa,V,1,Cagliari,0,13.0,2.0,0,0,242.0,414.0,2.0,53.0,22.0,3,0
35,Genoa,06-05-2022,Casa,V,2,Juventus,1,17.0,5.0,1,1,366.0,470.0,9.0,47.0,13.0,2,0
37,Genoa,21-05-2022,Casa,P,0,Bologna,1,18.0,5.0,0,0,324.0,435.0,9.0,50.0,20.0,3,0
0,Hellas Verona,21-08-2021,Casa,P,2,Sassuolo,3,14.0,3.0,1,1,282.0,361.0,7.0,40.0,10.0,3,1
1,Hellas Verona,27-08-2021,Casa,P,1,Inter,3,8.0,1.0,0,0,280.0,367.0,6.0,43.0,13.0,2,0
3,Hellas Verona,19-09-2021,Casa,V,3,Roma,2,10.0,6.0,0,0,367.0,468.0,3.0,53.0,18.0,4,0
6,Hellas Verona,03-10-2021,Casa,V,4,Spezia,0,6.0,4.0,0,0,345.0,428.0,1.0,45.0,17.0,1,0
8,Hellas Verona,24-10-2021,Casa,V,4,Lazio,1,16.0,7.0,0,0,416.0,525.0,3.0,49.0,15.0,2,0
10,Hellas Verona,30-10-2021,Casa,V,2,Juventus,1,12.0,5.0,0,0,385.0,487.0,4.0,45.0,25.0,4,0
12,Hellas Verona,22-11-2021,Casa,V,2,Empoli,1,22.0,4.0,0,0,403.0,515.0,1.0,56.0,8.0,1,0
14,Hellas Verona,30-11-2021,Casa,N,0,Cagliari,0,15.0,6.0,0,0,524.0,639.0,11.0,68.0,17.0,3,0
16,Hellas Verona,12-12-2021,Casa,P,1,Atalanta,2,19.0,3.0,0,0,345.0,513.0,6.0,53.0,14.0,2,0
18,Hellas Verona,22-12-2021,Casa,N,1,Fiorentina,1,7.0,2.0,0,0,256.0,380.0,3.0,40.0,16.0,2,0
20,Hellas Verona,09-01-2022,Casa,P,1,Salernitana,2,24.0,7.0,0,0,498.0,608.0,17.0,70.0,13.0,1,1
22,Hellas Verona,21-01-2022,Casa,V,2,Bologna,1,14.0,6.0,0,0,360.0,490.0,7.0,57.0,21.0,2,0
24,Hellas Verona,13-02-2022,Casa,V,4,Udinese,0,6.0,5.0,0,0,271.0,388.0,2.0,44.0,17.0,3,0
26,Hellas Verona,27-02-2022,Casa,V,3,Venezia,1,19.0,11.0,0,0,393.0,525.0,5.0,57.0,13.0,0,0
28,Hellas Verona,13-03-2022,Casa,P,1,Napoli,2,8.0,1.0,0,0,365.0,469.0,3.0,49.0,19.0,6,2
30,Hellas Verona,04-04-2022,Casa,V,1,Genoa,0,7.0,4.0,0,0,261.0,395.0,2.0,46.0,17.0,4,0
33,Hellas Verona,23-04-2022,Casa,N,1,Sampdoria,1,12.0,1.0,0,0,408.0,524.0,4.0,57.0,15.0,1,0
35,Hellas Verona,08-05-2022,Casa,P,1,Milan,3,10.0,3.0,0,0,314.0,403.0,5.0,47.0,17.0,2,0
36,Hellas Verona,14-05-2022,Casa,P,0,Torino,1,10.0,5.0,0,0,279.0,378.0,4.0,46.0,19.0,3,0
0,Inter,21-08-2021,Casa,V,4,Genoa,0,17.0,8.0,0,0,563.0,630.0,8.0,59.0,18.0,1,0
3,Inter,18-09-2021,Casa,V,6,Bologna,1,19.0,11.0,0,0,412.0,464.0,5.0,46.0,11.0,0,0
5,Inter,25-09-2021,Casa,N,2,Atalanta,2,17.0,6.0,0,1,337.0,430.0,4.0,50.0,16.0,3,0
8,Inter,24-10-2021,Casa,N,1,Juventus,1,10.0,2.0,0,0,407.0,515.0,5.0,49.0,17.0,2,0
10,Inter,31-10-2021,Casa,V,2,Udinese,0,15.0,5.0,0,0,592.0,668.0,6.0,66.0,11.0,0,0
12,Inter,21-11-2021,Casa,V,3,Napoli,2,16.0,6.0,1,1,328.0,408.0,4.0,44.0,18.0,4,0
14,Inter,01-12-2021,Casa,V,2,Spezia,0,30.0,10.0,1,1,618.0,697.0,11.0,63.0,19.0,1,0
16,Inter,12-12-2021,Casa,V,4,Cagliari,0,23.0,14.0,0,1,731.0,814.0,9.0,75.0,9.0,1,0
18,Inter,22-12-2021,Casa,V,1,Torino,0,15.0,3.0,0,0,413.0,526.0,7.0,54.0,12.0,1,0
19,Inter,09-01-2022,Casa,V,2,Lazio,1,17.0,5.0,0,0,602.0,681.0,4.0,60.0,11.0,1,0
21,Inter,22-01-2022,Casa,V,2,Venezia,1,24.0,12.0,0,0,639.0,752.0,6.0,71.0,14.0,3,0
22,Inter,05-02-2022,Casa,P,1,Milan,2,12.0,5.0,0,0,318.0,396.0,6.0,46.0,22.0,2,0
24,Inter,20-02-2022,Casa,P,0,Sassuolo,2,29.0,7.0,0,0,537.0,628.0,8.0,58.0,12.0,1,0
26,Inter,04-03-2022,Casa,V,5,Salernitana,0,23.0,12.0,0,0,503.0,575.0,10.0,60.0,12.0,2,0
28,Inter,19-03-2022,Casa,N,1,Fiorentina,1,13.0,5.0,0,0,433.0,525.0,5.0,50.0,15.0,1,0
30,Inter,09-04-2022,Casa,V,2,Hellas Verona,0,18.0,6.0,0,0,335.0,455.0,10.0,48.0,14.0,2,0
32,Inter,23-04-2022,Casa,V,3,Roma,1,11.0,8.0,0,0,408.0,491.0,4.0,45.0,11.0,2,0
35,Inter,06-05-2022,Casa,V,4,Empoli,2,37.0,10.0,0,0,558.0,638.0,14.0,64.0,10.0,1,0
37,Inter,22-05-2022,Casa,V,3,Sampdoria,0,28.0,11.0,0,0,615.0,679.0,8.0,58.0,6.0,1,0
1,Juventus,28-08-2021,Casa,P,0,Empoli,1,19.0,5.0,0,0,377.0,461.0,8.0,54.0,15.0,2,0
3,Juventus,19-09-2021,Casa,N,1,Milan,1,9.0,4.0,0,0,343.0,413.0,4.0,44.0,15.0,1,0
5,Juventus,26-09-2021,Casa,V,3,Sampdoria,2,15.0,5.0,1,1,387.0,478.0,4.0,50.0,24.0,4,0
7,Juventus,17-10-2021,Casa,V,1,Roma,0,7.0,3.0,0,0,426.0,505.0,0.0,47.0,20.0,3,0
9,Juventus,27-10-2021,Casa,P,1,Sassuolo,2,14.0,2.0,0,0,471.0,558.0,4.0,57.0,23.0,1,0
11,Juventus,06-11-2021,Casa,V,1,Fiorentina,0,13.0,3.0,0,0,344.0,428.0,5.0,50.0,17.0,2,0
13,Juventus,27-11-2021,Casa,P,0,Atalanta,1,15.0,2.0,0,0,491.0,586.0,6.0,59.0,16.0,4,0
15,Juventus,05-12-2021,Casa,V,2,Genoa,0,27.0,12.0,0,0,705.0,785.0,4.0,70.0,15.0,3,0
18,Juventus,21-12-2021,Casa,V,2,Cagliari,0,15.0,4.0,0,0,528.0,623.0,7.0,63.0,18.0,0,0
19,Juventus,06-01-2022,Casa,N,1,Napoli,1,22.0,5.0,0,0,420.0,493.0,4.0,44.0,8.0,2,0
21,Juventus,15-01-2022,Casa,V,2,Udinese,0,14.0,4.0,0,0,621.0,710.0,7.0,66.0,14.0,1,0
23,Juventus,06-02-2022,Casa,V,2,Hellas Verona,0,11.0,8.0,0,0,362.0,461.0,6.0,46.0,12.0,1,0
25,Juventus,18-02-2022,Casa,N,1,Torino,1,12.0,3.0,0,0,318.0,412.0,7.0,46.0,17.0,1,0
27,Juventus,06-03-2022,Casa,V,1,Spezia,0,10.0,3.0,0,0,534.0,616.0,4.0,56.0,15.0,3,0
29,Juventus,20-03-2022,Casa,V,2,Salernitana,0,12.0,7.0,0,0,477.0,557.0,5.0,56.0,11.0,3,0
30,Juventus,03-04-2022,Casa,P,0,Inter,1,22.0,5.0,0,0,449.0,543.0,8.0,54.0,10.0,4,1
32,Juventus,16-04-2022,Casa,N,1,Bologna,1,24.0,4.0,0,0,373.0,443.0,4.0,51.0,11.0,1,0
34,Juventus,01-05-2022,Casa,V,2,Venezia,1,18.0,4.0,0,0,381.0,455.0,8.0,50.0,18.0,3,0
36,Juventus,16-05-2022,Casa,N,2,Lazio,2,4.0,2.0,0,0,315.0,369.0,0.0,37.0,20.0,3,0
1,Lazio,28-08-2021,Casa,V,6,Spezia,1,17.0,9.0,0,1,654.0,717.0,4.0,61.0,13.0,0,0
3,Lazio,19-09-2021,Casa,N,2,Cagliari,2,28.0,10.0,0,0,646.0,748.0,10.0,72.0,5.0,1,0
5,Lazio,26-09-2021,Casa,V,3,Roma,2,10.0,4.0,0,0,406.0,475.0,1.0,50.0,16.0,2,0
7,Lazio,16-10-2021,Casa,V,3,Inter,1,18.0,7.0,1,1,533.0,595.0,7.0,52.0,13.0,3,1
9,Lazio,27-10-2021,Casa,V,1,Fiorentina,0,5.0,2.0,0,0,472.0,555.0,3.0,49.0,17.0,3,0
11,Lazio,07-11-2021,Casa,V,3,Salernitana,0,17.0,5.0,0,0,640.0,712.0,5.0,60.0,8.0,1,0
12,Lazio,20-11-2021,Casa,P,0,Juventus,2,8.0,1.0,0,0,580.0,662.0,3.0,57.0,12.0,3,0
14,Lazio,02-12-2021,Casa,N,4,Udinese,4,13.0,5.0,0,0,517.0,607.0,5.0,62.0,11.0,3,1
17,Lazio,17-12-2021,Casa,V,3,Genoa,1,11.0,5.0,0,0,586.0,677.0,5.0,55.0,9.0,0,0
19,Lazio,06-01-2022,Casa,N,3,Empoli,3,22.0,8.0,0,1,503.0,586.0,9.0,62.0,14.0,4,0
22,Lazio,22-01-2022,Casa,N,0,Atalanta,0,9.0,1.0,0,0,639.0,741.0,4.0,61.0,10.0,0,0
24,Lazio,12-02-2022,Casa,V,3,Bologna,0,11.0,5.0,1,1,549.0,634.0,5.0,57.0,13.0,2,0
26,Lazio,27-02-2022,Casa,P,1,Napoli,2,13.0,8.0,0,0,497.0,568.0,1.0,45.0,14.0,3,0
28,Lazio,14-03-2022,Casa,V,1,Venezia,0,9.0,0.0,1,1,670.0,760.0,8.0,66.0,10.0,1,0
30,Lazio,02-04-2022,Casa,V,2,Sassuolo,1,14.0,5.0,0,0,570.0,638.0,4.0,54.0,11.0,1,0
32,Lazio,16-04-2022,Casa,N,1,Torino,1,10.0,4.0,0,0,414.0,512.0,9.0,48.0,10.0,1,0
33,Lazio,24-04-2022,Casa,P,1,Milan,2,7.0,2.0,0,0,345.0,437.0,2.0,47.0,14.0,3,0
35,Lazio,07-05-2022,Casa,V,2,Sampdoria,0,16.0,10.0,0,0,678.0,759.0,6.0,60.0,10.0,1,0
37,Lazio,21-05-2022,Casa,N,3,Hellas Verona,3,19.0,7.0,0,0,354.0,443.0,6.0,53.0,9.0,2,0
1,Milan,29-08-2021,Casa,V,4,Cagliari,1,17.0,4.0,1,1,495.0,562.0,8.0,57.0,15.0,1,0
2,Milan,12-09-2021,Casa,V,2,Lazio,0,20.0,3.0,0,1,416.0,503.0,5.0,47.0,12.0,1,0
4,Milan,22-09-2021,Casa,V,2,Venezia,0,14.0,4.0,0,0,587.0,677.0,4.0,67.0,15.0,0,0
7,Milan,16-10-2021,Casa,V,3,Hellas Verona,2,16.0,3.0,1,1,338.0,451.0,5.0,53.0,11.0,1,0
9,Milan,26-10-2021,Casa,V,1,Torino,0,10.0,2.0,0,0,316.0,412.0,2.0,44.0,15.0,3,0
11,Milan,07-11-2021,Casa,N,1,Inter,1,16.0,4.0,0,0,356.0,436.0,4.0,51.0,17.0,1,0
13,Milan,28-11-2021,Casa,P,1,Sassuolo,3,15.0,2.0,0,0,357.0,452.0,7.0,50.0,15.0,4,1
15,Milan,04-12-2021,Casa,V,2,Salernitana,0,22.0,7.0,0,0,668.0,749.0,9.0,70.0,11.0,1,0
17,Milan,19-12-2021,Casa,P,0,Napoli,1,12.0,2.0,0,0,400.0,518.0,5.0,48.0,16.0,0,0
19,Milan,06-01-2022,Casa,V,3,Roma,1,17.0,3.0,1,2,347.0,441.0,3.0,55.0,6.0,2,0
21,Milan,17-01-2022,Casa,P,1,Spezia,2,24.0,8.0,0,1,448.0,540.0,10.0,60.0,13.0,2,0
22,Milan,23-01-2022,Casa,N,0,Juventus,0,14.0,4.0,0,0,392.0,497.0,4.0,47.0,18.0,2,0
24,Milan,13-02-2022,Casa,V,1,Sampdoria,0,15.0,7.0,0,0,418.0,510.0,4.0,50.0,14.0,3,0
26,Milan,25-02-2022,Casa,N,1,Udinese,1,9.0,3.0,0,0,445.0,535.0,5.0,62.0,14.0,2,0
28,Milan,12-03-2022,Casa,V,1,Empoli,0,15.0,5.0,0,0,451.0,543.0,5.0,52.0,7.0,1,0
30,Milan,04-04-2022,Casa,N,0,Bologna,0,33.0,7.0,0,0,377.0,484.0,9.0,53.0,11.0,0,0
32,Milan,15-04-2022,Casa,V,2,Genoa,0,10.0,5.0,0,0,442.0,536.0,3.0,58.0,11.0,1,0
34,Milan,01-05-2022,Casa,V,1,Fiorentina,0,13.0,2.0,0,0,341.0,437.0,2.0,49.0,18.0,1,0
36,Milan,15-05-2022,Casa,V,2,Atalanta,0,12.0,6.0,0,0,314.0,401.0,4.0,45.0,12.0,3,0
0,Napoli,22-08-2021,Casa,V,2,Venezia,0,11.0,3.0,1,2,520.0,586.0,2.0,56.0,4.0,1,1
2,Napoli,11-09-2021,Casa,V,2,Juventus,1,25.0,7.0,0,0,585.0,666.0,13.0,67.0,15.0,2,0
5,Napoli,26-09-2021,Casa,V,2,Cagliari,0,16.0,6.0,1,1,696.0,766.0,6.0,67.0,11.0,2,0
7,Napoli,17-10-2021,Casa,V,1,Torino,0,10.0,2.0,0,1,333.0,440.0,3.0,51.0,6.0,2,0
9,Napoli,28-10-2021,Casa,V,3,Bologna,0,16.0,4.0,2,2,665.0,719.0,4.0,65.0,20.0,1,0
11,Napoli,07-11-2021,Casa,N,1,Hellas Verona,1,16.0,1.0,0,0,454.0,543.0,3.0,58.0,16.0,2,0
13,Napoli,28-11-2021,Casa,V,4,Lazio,0,18.0,8.0,0,0,759.0,822.0,1.0,62.0,12.0,2,0
15,Napoli,04-12-2021,Casa,P,2,Atalanta,3,15.0,4.0,0,0,481.0,568.0,6.0,55.0,19.0,2,0
16,Napoli,12-12-2021,Casa,P,0,Empoli,1,30.0,6.0,0,0,522.0,616.0,10.0,60.0,8.0,0,0
18,Napoli,22-12-2021,Casa,P,0,Spezia,1,27.0,6.0,0,0,562.0,653.0,10.0,65.0,15.0,2,0
20,Napoli,09-01-2022,Casa,V,1,Sampdoria,0,22.0,5.0,0,0,672.0,758.0,13.0,69.0,13.0,0,0
22,Napoli,23-01-2022,Casa,V,4,Salernitana,1,24.0,12.0,2,2,895.0,981.0,10.0,81.0,9.0,0,0
24,Napoli,12-02-2022,Casa,N,1,Inter,1,12.0,3.0,1,1,456.0,534.0,4.0,49.0,7.0,1,0
27,Napoli,06-03-2022,Casa,P,0,Milan,1,10.0,3.0,0,0,497.0,581.0,6.0,60.0,10.0,4,0
29,Napoli,19-03-2022,Casa,V,2,Udinese,1,20.0,8.0,0,0,531.0,621.0,7.0,64.0,10.0,2,0
31,Napoli,10-04-2022,Casa,P,2,Fiorentina,3,15.0,3.0,0,0,437.0,528.0,3.0,50.0,14.0,0,0
32,Napoli,18-04-2022,Casa,N,1,Roma,1,8.0,3.0,1,1,370.0,456.0,5.0,49.0,23.0,4,0
34,Napoli,30-04-2022,Casa,V,6,Sassuolo,1,18.0,8.0,0,0,519.0,580.0,4.0,53.0,12.0,0,0
36,Napoli,15-05-2022,Casa,V,3,Genoa,0,16.0,8.0,1,1,487.0,585.0,9.0,66.0,13.0,1,0
0,Roma,22-08-2021,Casa,V,3,Fiorentina,1,11.0,6.0,0,0,334.0,407.0,4.0,42.0,13.0,3,1
2,Roma,12-09-2021,Casa,V,2,Sassuolo,1,18.0,6.0,0,0,413.0,480.0,4.0,49.0,7.0,2,0
4,Roma,23-09-2021,Casa,V,1,Udinese,0,12.0,2.0,0,0,455.0,544.0,6.0,52.0,23.0,4,1
6,Roma,03-10-2021,Casa,V,2,Empoli,0,18.0,5.0,0,0,580.0,644.0,5.0,64.0,13.0,2,0
8,Roma,24-10-2021,Casa,N,0,Napoli,0,13.0,1.0,0,0,277.0,352.0,7.0,38.0,14.0,4,0
10,Roma,31-10-2021,Casa,P,1,Milan,2,24.0,6.0,0,0,351.0,425.0,5.0,50.0,23.0,4,0
13,Roma,28-11-2021,Casa,V,1,Torino,0,10.0,2.0,0,0,227.0,306.0,2.0,32.0,8.0,2,0
15,Roma,04-12-2021,Casa,P,0,Inter,3,9.0,1.0,0,0,357.0,414.0,4.0,34.0,12.0,3,0
16,Roma,13-12-2021,Casa,V,2,Spezia,0,12.0,5.0,0,0,456.0,555.0,9.0,52.0,13.0,4,1
18,Roma,22-12-2021,Casa,N,1,Sampdoria,1,15.0,4.0,0,0,469.0,589.0,10.0,54.0,6.0,0,0
20,Roma,09-01-2022,Casa,P,3,Juventus,4,19.0,6.0,0,1,369.0,471.0,8.0,53.0,13.0,3,0
21,Roma,16-01-2022,Casa,V,1,Cagliari,0,14.0,6.0,1,1,475.0,579.0,1.0,56.0,15.0,3,0
23,Roma,05-02-2022,Casa,N,0,Genoa,0,23.0,3.0,0,0,406.0,520.0,6.0,62.0,10.0,3,1
25,Roma,19-02-2022,Casa,N,2,Hellas Verona,2,7.0,3.0,0,0,411.0,550.0,4.0,57.0,19.0,3,0
27,Roma,05-03-2022,Casa,V,1,Atalanta,0,13.0,4.0,0,0,250.0,346.0,6.0,36.0,18.0,6,1
29,Roma,20-03-2022,Casa,V,3,Lazio,0,12.0,6.0,0,0,256.0,342.0,5.0,34.0,17.0,4,0
31,Roma,10-04-2022,Casa,V,2,Salernitana,1,17.0,7.0,0,0,456.0,548.0,9.0,66.0,19.0,5,0
34,Roma,01-05-2022,Casa,N,0,Bologna,0,18.0,5.0,0,0,303.0,399.0,10.0,43.0,10.0,0,0
36,Roma,14-05-2022,Casa,N,1,Venezia,1,46.0,15.0,0,0,522.0,629.0,20.0,68.0,12.0,2,0
1,Salernitana,29-08-2021,Casa,P,0,Roma,4,5.0,0.0,0,0,114.0,219.0,1.0,23.0,14.0,2,0
3,Salernitana,18-09-2021,Casa,P,0,Atalanta,1,11.0,1.0,0,0,310.0,425.0,6.0,43.0,22.0,4,0
4,Salernitana,22-09-2021,Casa,N,2,Hellas Verona,2,15.0,4.0,0,0,304.0,420.0,4.0,50.0,13.0,2,0
6,Salernitana,02-10-2021,Casa,V,1,Genoa,0,10.0,4.0,0,0,308.0,419.0,9.0,50.0,20.0,2,0
8,Salernitana,23-10-2021,Casa,P,2,Empoli,4,12.0,5.0,0,0,426.0,537.0,7.0,59.0,16.0,1,0
10,Salernitana,31-10-2021,Casa,P,0,Napoli,1,9.0,2.0,0,0,254.0,340.0,4.0,38.0,10.0,0,1
12,Salernitana,21-11-2021,Casa,P,0,Sampdoria,2,18.0,3.0,0,0,373.0,489.0,13.0,55.0,12.0,0,0
14,Salernitana,30-11-2021,Casa,P,0,Juventus,2,4.0,0.0,0,0,241.0,321.0,4.0,27.0,15.0,1,0
17,Salernitana,17-12-2021,Casa,P,0,Inter,5,10.0,2.0,0,0,274.0,353.0,3.0,35.0,11.0,1,0
19,Salernitana,15-01-2022,Casa,P,0,Lazio,3,7.0,1.0,0,0,267.0,338.0,3.0,27.0,12.0,2,0
21,Salernitana,07-02-2022,Casa,N,2,Spezia,2,10.0,5.0,0,0,395.0,512.0,5.0,56.0,13.0,3,0
23,Salernitana,19-02-2022,Casa,N,2,Milan,2,9.0,4.0,0,0,259.0,349.0,4.0,40.0,19.0,2,0
24,Salernitana,26-02-2022,Casa,N,1,Bologna,1,16.0,4.0,0,0,372.0,463.0,6.0,56.0,18.0,2,0
26,Salernitana,12-03-2022,Casa,N,2,Sassuolo,2,15.0,5.0,0,0,392.0,476.0,5.0,47.0,13.0,2,0
28,Salernitana,02-04-2022,Casa,P,0,Torino,1,14.0,4.0,0,0,283.0,410.0,9.0,53.0,16.0,5,1
32,Salernitana,24-04-2022,Casa,V,2,Fiorentina,1,10.0,4.0,0,0,155.0,246.0,6.0,28.0,17.0,1,0
34,Salernitana,05-05-2022,Casa,V,2,Venezia,1,18.0,3.0,1,1,238.0,331.0,6.0,42.0,12.0,2,0
35,Salernitana,08-05-2022,Casa,N,1,Cagliari,1,12.0,2.0,1,1,283.0,388.0,7.0,48.0,12.0,5,1
37,Salernitana,22-05-2022,Casa,P,0,Udinese,4,25.0,11.0,0,0,456.0,528.0,7.0,52.0,11.0,1,0
0,Sampdoria,23-08-2021,Casa,P,0,Milan,1,16.0,3.0,0,0,334.0,432.0,8.0,49.0,20.0,3,0
2,Sampdoria,12-09-2021,Casa,N,2,Inter,2,14.0,2.0,0,0,360.0,455.0,4.0,52.0,14.0,4,0
4,Sampdoria,23-09-2021,Casa,P,0,Napoli,4,13.0,5.0,0,0,414.0,509.0,5.0,48.0,11.0,2,0
6,Sampdoria,03-10-2021,Casa,N,3,Udinese,3,11.0,2.0,1,1,365.0,450.0,6.0,54.0,14.0,4,0
8,Sampdoria,22-10-2021,Casa,V,2,Spezia,1,6.0,2.0,0,0,195.0,302.0,0.0,30.0,10.0,3,0
9,Sampdoria,27-10-2021,Casa,P,1,Atalanta,3,8.0,3.0,0,0,282.0,414.0,3.0,40.0,16.0,4,0
11,Sampdoria,07-11-2021,Casa,P,1,Bologna,2,10.0,4.0,0,0,317.0,455.0,6.0,47.0,16.0,4,0
13,Sampdoria,27-11-2021,Casa,V,3,Hellas Verona,1,15.0,6.0,0,0,246.0,365.0,4.0,42.0,16.0,4,0
15,Sampdoria,05-12-2021,Casa,P,1,Lazio,3,18.0,5.0,0,0,443.0,560.0,7.0,48.0,16.0,4,0
17,Sampdoria,19-12-2021,Casa,N,1,Venezia,1,18.0,7.0,0,0,324.0,440.0,4.0,50.0,10.0,2,0
19,Sampdoria,06-01-2022,Casa,P,1,Cagliari,2,4.0,2.0,0,0,369.0,496.0,0.0,49.0,14.0,1,1
21,Sampdoria,15-01-2022,Casa,P,1,Torino,2,11.0,3.0,0,0,211.0,332.0,3.0,37.0,13.0,0,0
23,Sampdoria,06-02-2022,Casa,V,4,Sassuolo,0,10.0,6.0,1,1,262.0,356.0,3.0,40.0,17.0,2,0
25,Sampdoria,19-02-2022,Casa,V,2,Empoli,0,8.0,3.0,0,0,296.0,391.0,3.0,42.0,17.0,4,0
28,Sampdoria,12-03-2022,Casa,P,1,Juventus,3,16.0,4.0,0,1,490.0,561.0,9.0,49.0,7.0,0,0
30,Sampdoria,03-04-2022,Casa,P,0,Roma,1,8.0,3.0,0,0,379.0,483.0,4.0,49.0,16.0,2,0
32,Sampdoria,16-04-2022,Casa,P,1,Salernitana,2,5.0,1.0,0,0,537.0,652.0,5.0,67.0,18.0,1,0
34,Sampdoria,30-04-2022,Casa,V,1,Genoa,0,10.0,2.0,0,0,261.0,374.0,1.0,48.0,19.0,3,0
36,Sampdoria,16-05-2022,Casa,V,4,Fiorentina,1,13.0,5.0,0,0,232.0,309.0,4.0,37.0,19.0,3,1
1,Sassuolo,29-08-2021,Casa,N,0,Sampdoria,0,19.0,5.0,0,0,529.0,627.0,8.0,63.0,9.0,2,0
3,Sassuolo,17-09-2021,Casa,P,0,Torino,1,10.0,2.0,0,0,390.0,485.0,6.0,52.0,9.0,0,0
5,Sassuolo,26-09-2021,Casa,V,1,Salernitana,0,17.0,6.0,0,0,409.0,491.0,4.0,57.0,17.0,3,0
6,Sassuolo,02-10-2021,Casa,P,1,Inter,2,11.0,7.0,1,1,432.0,524.0,6.0,55.0,11.0,4,0
8,Sassuolo,23-10-2021,Casa,V,3,Venezia,1,14.0,7.0,0,0,584.0,654.0,5.0,63.0,14.0,1,0
10,Sassuolo,31-10-2021,Casa,P,1,Empoli,2,15.0,5.0,0,0,471.0,549.0,4.0,57.0,20.0,4,0
12,Sassuolo,21-11-2021,Casa,N,2,Cagliari,2,19.0,3.0,1,1,469.0,545.0,6.0,58.0,13.0,1,0
14,Sassuolo,01-12-2021,Casa,N,2,Napoli,2,9.0,7.0,0,0,441.0,508.0,5.0,50.0,11.0,4,0
16,Sassuolo,12-12-2021,Casa,V,2,Lazio,1,17.0,6.0,0,0,589.0,679.0,6.0,59.0,9.0,1,1
18,Sassuolo,22-12-2021,Casa,P,0,Bologna,3,13.0,5.0,0,0,477.0,566.0,5.0,59.0,15.0,1,0
19,Sassuolo,06-01-2022,Casa,N,1,Genoa,1,28.0,7.0,0,0,718.0,810.0,7.0,74.0,8.0,3,0
21,Sassuolo,16-01-2022,Casa,P,2,Hellas Verona,4,14.0,5.0,0,0,378.0,489.0,9.0,55.0,6.0,2,0
24,Sassuolo,13-02-2022,Casa,N,2,Roma,2,12.0,3.0,0,0,345.0,425.0,4.0,46.0,12.0,4,1
26,Sassuolo,26-02-2022,Casa,V,2,Fiorentina,1,16.0,6.0,0,0,376.0,450.0,6.0,49.0,14.0,1,0
29,Sassuolo,18-03-2022,Casa,V,4,Spezia,1,14.0,6.0,1,1,490.0,578.0,6.0,58.0,14.0,2,0
31,Sassuolo,10-04-2022,Casa,V,2,Atalanta,1,14.0,7.0,0,0,442.0,526.0,8.0,51.0,19.0,2,0
33,Sassuolo,25-04-2022,Casa,P,1,Juventus,2,22.0,7.0,0,0,619.0,691.0,6.0,62.0,16.0,2,1
35,Sassuolo,07-05-2022,Casa,N,1,Udinese,1,15.0,5.0,0,0,491.0,573.0,6.0,59.0,12.0,2,0
37,Sassuolo,22-05-2022,Casa,P,0,Milan,3,15.0,3.0,0,0,372.0,426.0,3.0,52.0,8.0,2,0
2,Spezia,12-09-2021,Casa,P,0,Udinese,1,20.0,5.0,0,0,432.0,520.0,4.0,56.0,13.0,1,0
4,Spezia,22-09-2021,Casa,P,2,Juventus,3,10.0,4.0,0,0,293.0,376.0,5.0,41.0,15.0,2,0
5,Spezia,25-09-2021,Casa,P,1,Milan,2,8.0,2.0,0,0,242.0,319.0,2.0,36.0,13.0,2,0
7,Spezia,16-10-2021,Casa,V,2,Salernitana,1,18.0,5.0,0,0,384.0,505.0,10.0,59.0,16.0,2,0
9,Spezia,26-10-2021,Casa,N,1,Genoa,1,13.0,3.0,0,0,319.0,436.0,3.0,47.0,15.0,2,0
11,Spezia,06-11-2021,Casa,V,1,Torino,0,7.0,3.0,0,0,255.0,360.0,2.0,41.0,16.0,3,0
13,Spezia,28-11-2021,Casa,P,0,Bologna,1,14.0,6.0,0,0,330.0,419.0,3.0,43.0,17.0,3,0
15,Spezia,05-12-2021,Casa,N,2,Sassuolo,2,9.0,4.0,0,0,264.0,352.0,2.0,35.0,15.0,4,0
17,Spezia,19-12-2021,Casa,N,1,Empoli,1,9.0,2.0,0,0,220.0,298.0,3.0,34.0,24.0,3,0
19,Spezia,06-01-2022,Casa,P,1,Hellas Verona,2,9.0,3.0,0,0,228.0,348.0,6.0,40.0,13.0,3,1
22,Spezia,23-01-2022,Casa,V,1,Sampdoria,0,7.0,2.0,0,0,275.0,368.0,2.0,40.0,25.0,2,0
24,Spezia,14-02-2022,Casa,P,1,Fiorentina,2,9.0,1.0,0,0,192.0,263.0,4.0,33.0,20.0,2,0
26,Spezia,27-02-2022,Casa,P,0,Roma,1,9.0,3.0,0,0,270.0,365.0,1.0,36.0,13.0,5,1
28,Spezia,12-03-2022,Casa,V,2,Cagliari,0,14.0,8.0,0,1,220.0,350.0,5.0,43.0,13.0,1,0
30,Spezia,02-04-2022,Casa,V,1,Venezia,0,11.0,4.0,0,0,332.0,453.0,5.0,53.0,18.0,3,0
32,Spezia,15-04-2022,Casa,P,1,Inter,3,11.0,3.0,0,0,229.0,334.0,6.0,34.0,13.0,2,0
34,Spezia,30-04-2022,Casa,P,3,Lazio,4,9.0,3.0,0,0,196.0,296.0,4.0,30.0,17.0,3,0
35,Spezia,08-05-2022,Casa,P,1,Atalanta,3,5.0,1.0,0,0,236.0,321.0,0.0,34.0,10.0,2,0
37,Spezia,22-05-2022,Casa,P,0,Napoli,3,16.0,4.0,0,0,283.0,346.0,4.0,32.0,12.0,1,0
0,Torino,21-08-2021,Casa,P,1,Atalanta,2,21.0,7.0,0,0,304.0,413.0,5.0,47.0,17.0,2,0
2,Torino,12-09-2021,Casa,V,4,Salernitana,0,15.0,5.0,0,0,453.0,544.0,7.0,60.0,11.0,0,0
4,Torino,23-09-2021,Casa,N,1,Lazio,1,16.0,5.0,0,0,313.0,416.0,6.0,45.0,21.0,3,0
6,Torino,02-10-2021,Casa,P,0,Juventus,1,13.0,2.0,0,0,347.0,452.0,4.0,48.0,23.0,3,0
8,Torino,22-10-2021,Casa,V,3,Genoa,2,17.0,6.0,0,0,377.0,491.0,2.0,58.0,19.0,2,0
10,Torino,30-10-2021,Casa,V,3,Sampdoria,0,16.0,5.0,0,0,515.0,620.0,4.0,63.0,20.0,2,0
12,Torino,22-11-2021,Casa,V,2,Udinese,1,14.0,3.0,0,0,367.0,479.0,4.0,51.0,20.0,1,0
14,Torino,02-12-2021,Casa,N,2,Empoli,2,10.0,3.0,0,0,259.0,338.0,1.0,41.0,8.0,1,1
16,Torino,12-12-2021,Casa,V,2,Bologna,1,16.0,7.0,0,0,330.0,439.0,5.0,49.0,18.0,2,0
17,Torino,19-12-2021,Casa,V,1,Hellas Verona,0,8.0,1.0,0,0,506.0,621.0,5.0,66.0,15.0,1,0
19,Torino,10-01-2022,Casa,V,4,Fiorentina,0,9.0,6.0,0,0,314.0,417.0,1.0,45.0,19.0,2,0
21,Torino,23-01-2022,Casa,N,1,Sassuolo,1,21.0,6.0,0,0,341.0,447.0,4.0,50.0,25.0,3,0
23,Torino,12-02-2022,Casa,P,1,Venezia,2,14.0,2.0,0,0,406.0,520.0,8.0,67.0,16.0,2,0
25,Torino,27-02-2022,Casa,P,1,Cagliari,2,15.0,6.0,0,0,319.0,467.0,4.0,57.0,21.0,2,0
27,Torino,13-03-2022,Casa,N,1,Inter,1,13.0,3.0,0,0,323.0,424.0,3.0,44.0,17.0,1,0
30,Torino,10-04-2022,Casa,N,0,Milan,0,14.0,3.0,0,0,268.0,361.0,6.0,43.0,19.0,2,0
32,Torino,23-04-2022,Casa,V,2,Spezia,1,14.0,5.0,1,1,441.0,539.0,5.0,55.0,11.0,1,0
35,Torino,07-05-2022,Casa,P,0,Napoli,1,10.0,3.0,0,0,295.0,383.0,5.0,43.0,19.0,2,0
37,Torino,20-05-2022,Casa,P,0,Roma,3,13.0,2.0,0,0,444.0,522.0,5.0,58.0,11.0,2,0
0,Udinese,22-08-2021,Casa,N,2,Juventus,2,11.0,5.0,1,1,363.0,433.0,3.0,44.0,14.0,1,0
1,Udinese,27-08-2021,Casa,V,3,Venezia,0,21.0,10.0,0,0,369.0,464.0,7.0,45.0,13.0,2,0
3,Udinese,20-09-2021,Casa,P,0,Napoli,4,9.0,1.0,0,0,346.0,403.0,2.0,37.0,12.0,2,0
5,Udinese,26-09-2021,Casa,P,0,Fiorentina,1,12.0,5.0,0,0,423.0,506.0,4.0,46.0,17.0,2,0
7,Udinese,17-10-2021,Casa,N,1,Bologna,1,10.0,2.0,0,0,295.0,370.0,2.0,41.0,16.0,3,1
9,Udinese,27-10-2021,Casa,N,1,Hellas Verona,1,16.0,5.0,0,0,202.0,305.0,7.0,34.0,15.0,1,0
11,Udinese,07-11-2021,Casa,V,3,Sassuolo,2,13.0,2.0,0,0,285.0,378.0,1.0,38.0,14.0,3,1
13,Udinese,28-11-2021,Casa,N,0,Genoa,0,16.0,3.0,0,0,323.0,416.0,8.0,43.0,19.0,3,0
16,Udinese,11-12-2021,Casa,N,1,Milan,1,11.0,6.0,0,0,259.0,348.0,3.0,34.0,21.0,2,1
18,Udinese,09-01-2022,Casa,P,2,Atalanta,6,8.0,4.0,0,0,349.0,453.0,2.0,40.0,10.0,2,0
21,Udinese,06-02-2022,Casa,V,2,Torino,0,10.0,2.0,1,1,220.0,347.0,8.0,42.0,11.0,3,0
23,Udinese,20-02-2022,Casa,N,1,Lazio,1,12.0,2.0,0,0,325.0,407.0,2.0,41.0,24.0,3,0
25,Udinese,05-03-2022,Casa,V,2,Sampdoria,1,20.0,5.0,0,0,281.0,404.0,11.0,43.0,20.0,5,0
26,Udinese,13-03-2022,Casa,N,1,Roma,1,11.0,5.0,0,0,285.0,367.0,6.0,37.0,17.0,3,0
28,Udinese,03-04-2022,Casa,V,5,Cagliari,1,24.0,11.0,0,0,392.0,469.0,2.0,51.0,20.0,2,0
30,Udinese,16-04-2022,Casa,V,4,Empoli,1,13.0,5.0,0,0,248.0,319.0,4.0,39.0,21.0,1,0
31,Udinese,20-04-2022,Casa,P,0,Salernitana,1,12.0,3.0,0,0,320.0,435.0,9.0,54.0,23.0,3,0
34,Udinese,01-05-2022,Casa,P,1,Inter,2,8.0,5.0,0,0,385.0,466.0,5.0,48.0,15.0,2,0
36,Udinese,14-05-2022,Casa,P,2,Spezia,3,17.0,6.0,0,0,463.0,561.0,4.0,61.0,18.0,3,0
3,Venezia,19-09-2021,Casa,P,1,Spezia,2,14.0,3.0,0,0,320.0,425.0,3.0,45.0,15.0,4,0
5,Venezia,27-09-2021,Casa,N,1,Torino,1,6.0,0.0,1,1,300.0,404.0,4.0,44.0,9.0,1,0
7,Venezia,18-10-2021,Casa,V,1,Fiorentina,0,4.0,2.0,0,0,294.0,396.0,2.0,39.0,16.0,2,0
9,Venezia,26-10-2021,Casa,P,1,Salernitana,2,8.0,4.0,0,0,347.0,441.0,4.0,45.0,19.0,3,1
11,Venezia,07-11-2021,Casa,V,3,Roma,2,12.0,6.0,1,1,269.0,348.0,4.0,39.0,13.0,2,0
13,Venezia,27-11-2021,Casa,P,0,Inter,2,6.0,1.0,0,0,412.0,492.0,3.0,44.0,13.0,2,0
15,Venezia,05-12-2021,Casa,P,3,Hellas Verona,4,9.0,5.0,0,0,281.0,384.0,1.0,44.0,12.0,2,1
16,Venezia,11-12-2021,Casa,N,1,Juventus,1,13.0,4.0,0,0,302.0,404.0,3.0,40.0,20.0,4,0
18,Venezia,22-12-2021,Casa,P,1,Lazio,3,10.0,2.0,0,0,446.0,525.0,4.0,47.0,13.0,3,1
19,Venezia,09-01-2022,Casa,P,0,Milan,3,10.0,3.0,0,0,332.0,418.0,1.0,38.0,11.0,1,1
20,Venezia,16-01-2022,Casa,N,1,Empoli,1,14.0,3.0,0,0,333.0,434.0,6.0,50.0,16.0,3,0
22,Venezia,06-02-2022,Casa,P,0,Napoli,2,7.0,3.0,0,0,306.0,397.0,2.0,34.0,12.0,2,1
24,Venezia,20-02-2022,Casa,N,1,Genoa,1,15.0,4.0,0,0,218.0,369.0,6.0,47.0,14.0,2,0
26,Venezia,06-03-2022,Casa,P,1,Sassuolo,4,15.0,4.0,0,1,342.0,431.0,8.0,45.0,18.0,4,0
28,Venezia,20-03-2022,Casa,P,0,Sampdoria,2,13.0,1.0,0,0,296.0,405.0,3.0,47.0,30.0,5,1
30,Venezia,10-04-2022,Casa,P,1,Udinese,2,9.0,4.0,0,0,299.0,395.0,7.0,52.0,16.0,7,0
32,Venezia,23-04-2022,Casa,P,1,Atalanta,3,9.0,2.0,0,0,327.0,434.0,0.0,39.0,12.0,0,0
35,Venezia,08-05-2022,Casa,V,4,Bologna,3,16.0,7.0,1,2,256.0,348.0,4.0,41.0,10.0,2,0
37,Venezia,22-05-2022,Casa,N,0,Cagliari,0,8.0,1.0,0,0,306.0,413.0,6.0,44.0,11.0,0,0
